CREATE DATABASE  IF NOT EXISTS `flights` /*!40100 DEFAULT CHARACTER SET utf8mb4 COLLATE utf8mb4_0900_ai_ci */ /*!80016 DEFAULT ENCRYPTION='N' */;
USE `flights`;
-- MySQL dump 10.13  Distrib 8.0.24, for Win64 (x86_64)
--
-- Host: 127.0.0.1    Database: flights
-- ------------------------------------------------------
-- Server version	8.0.24

/*!40101 SET @OLD_CHARACTER_SET_CLIENT=@@CHARACTER_SET_CLIENT */;
/*!40101 SET @OLD_CHARACTER_SET_RESULTS=@@CHARACTER_SET_RESULTS */;
/*!40101 SET @OLD_COLLATION_CONNECTION=@@COLLATION_CONNECTION */;
/*!50503 SET NAMES utf8 */;
/*!40103 SET @OLD_TIME_ZONE=@@TIME_ZONE */;
/*!40103 SET TIME_ZONE='+00:00' */;
/*!40014 SET @OLD_UNIQUE_CHECKS=@@UNIQUE_CHECKS, UNIQUE_CHECKS=0 */;
/*!40014 SET @OLD_FOREIGN_KEY_CHECKS=@@FOREIGN_KEY_CHECKS, FOREIGN_KEY_CHECKS=0 */;
/*!40101 SET @OLD_SQL_MODE=@@SQL_MODE, SQL_MODE='NO_AUTO_VALUE_ON_ZERO' */;
/*!40111 SET @OLD_SQL_NOTES=@@SQL_NOTES, SQL_NOTES=0 */;

--
-- Table structure for table `airports`
--

DROP TABLE IF EXISTS `airports`;
/*!40101 SET @saved_cs_client     = @@character_set_client */;
/*!50503 SET character_set_client = utf8mb4 */;
CREATE TABLE `airports` (
  `airport_code` varchar(3) NOT NULL,
  `counrty` varchar(20) NOT NULL,
  `city` varchar(20) NOT NULL,
  `airport_name` varchar(50) NOT NULL,
  `utc` time NOT NULL,
  PRIMARY KEY (`airport_code`),
  UNIQUE KEY `airport_code_UNIQUE` (`airport_code`)
) ENGINE=InnoDB DEFAULT CHARSET=utf8mb4 COLLATE=utf8mb4_0900_ai_ci;
/*!40101 SET character_set_client = @saved_cs_client */;

--
-- Dumping data for table `airports`
--

LOCK TABLES `airports` WRITE;
/*!40000 ALTER TABLE `airports` DISABLE KEYS */;
INSERT INTO `airports` VALUES ('AMS','Netherlands','Amsterdam','Amsterdam Airport Schiphol','01:00:00'),('BER','Germany','Berlin','Berlin Brandenburg Airport','01:00:00'),('BRU','Belgium','Brussels','Brussels Airport','01:00:00'),('BUD','Hungary','Budapest','Budapest Ferenc Liszt International Airport','01:00:00'),('CDG','France','Paris','Charles de Gaulle Airport','01:00:00'),('DUB','Ireland','Dublin','Dublin Airport','00:00:00'),('GVA','Switzerland','Geneva','Geneva Airport','01:00:00'),('LHR','United Kingdom','London','Heathrow Airport','00:00:00'),('LIN','Italy','Milan','Linate Airport','01:00:00'),('LIS','Portugal','Lisbon','Lisbon Portela Airport','00:00:00'),('MAD','Spain','Madrid','Adolfo Suarez Madrid Barajas Airport','01:00:00'),('PRG','Czech Republic','Prague','Vaclav Havel Airport Prague','01:00:00'),('VIE','Austria','Vienna','Vienna International Airport','01:00:00');
/*!40000 ALTER TABLE `airports` ENABLE KEYS */;
UNLOCK TABLES;

--
-- Table structure for table `availabilities`
--

DROP TABLE IF EXISTS `availabilities`;
/*!40101 SET @saved_cs_client     = @@character_set_client */;
/*!50503 SET character_set_client = utf8mb4 */;
CREATE TABLE `availabilities` (
  `schedule_id` smallint NOT NULL,
  `seat_number` varchar(3) NOT NULL,
  `availability` tinyint(1) NOT NULL,
  PRIMARY KEY (`schedule_id`,`seat_number`),
  KEY `seat_number` (`seat_number`),
  KEY `availability` (`availability`),
  CONSTRAINT `availabilities_ibfk_2` FOREIGN KEY (`seat_number`) REFERENCES `seats` (`seat_number`),
  CONSTRAINT `availabilities_ibfk_3` FOREIGN KEY (`schedule_id`) REFERENCES `schedules` (`schedule_id`)
) ENGINE=InnoDB DEFAULT CHARSET=utf8mb4 COLLATE=utf8mb4_0900_ai_ci;
/*!40101 SET character_set_client = @saved_cs_client */;

--
-- Dumping data for table `availabilities`
--

LOCK TABLES `availabilities` WRITE;
/*!40000 ALTER TABLE `availabilities` DISABLE KEYS */;
INSERT INTO `availabilities` VALUES (1,'10D',0),(1,'1A',0),(1,'2B',0),(1,'3C',0),(1,'4D',0),(1,'5E',0),(1,'7A',0),(1,'9C',0),(2,'10D',0),(2,'1A',0),(2,'2B',0),(2,'3C',0),(2,'5E',0),(2,'6F',0),(2,'8B',0),(3,'10D',0),(3,'2B',0),(3,'4D',0),(3,'8B',0),(3,'9C',0),(4,'1A',0),(4,'2B',0),(4,'3C',0),(4,'5E',0),(4,'7A',0),(4,'9C',0),(5,'10D',0),(5,'2B',0),(5,'5E',0),(5,'7A',0),(5,'8B',0),(6,'10D',0),(6,'1A',0),(6,'5E',0),(6,'6F',0),(6,'7A',0),(6,'8B',0),(7,'10D',0),(7,'1A',0),(7,'4D',0),(7,'5E',0),(7,'8B',0),(7,'9C',0),(8,'10D',0),(8,'2B',0),(9,'1A',0),(9,'2B',0),(9,'6F',0),(10,'10D',0),(10,'2B',0),(10,'3C',0),(10,'4D',0),(10,'8B',0),(10,'9C',0),(11,'10D',0),(11,'1A',0),(11,'3C',0),(11,'5E',0),(11,'9C',0),(12,'1A',0),(12,'4D',0),(12,'6F',0),(12,'8B',0),(12,'9C',0),(13,'10D',0),(13,'1A',0),(13,'2B',0),(13,'3C',0),(13,'7A',0),(13,'9C',0),(14,'10D',0),(14,'1A',0),(14,'4D',0),(14,'5E',0),(14,'6F',0),(14,'7A',0),(14,'9C',0),(15,'1A',0),(15,'3C',0),(15,'4D',0),(15,'5E',0),(15,'6F',0),(15,'7A',0),(15,'8B',0),(16,'10D',0),(16,'1A',0),(16,'6F',0),(16,'7A',0),(17,'10D',0),(17,'1A',0),(17,'5E',0),(17,'7A',0),(18,'10D',0),(18,'1A',0),(18,'5E',0),(18,'8B',0),(18,'9C',0),(19,'1A',0),(19,'6F',0),(19,'9C',0),(20,'10D',0),(20,'5E',0),(20,'6F',0),(20,'7A',0),(20,'9C',0),(21,'1A',0),(21,'5E',0),(21,'8B',0),(21,'9C',0),(22,'10D',0),(22,'1A',0),(22,'2B',0),(22,'5E',0),(22,'7A',0),(22,'8B',0),(22,'9C',0),(23,'3C',0),(23,'5E',0),(23,'8B',0),(24,'10D',0),(24,'1A',0),(24,'3C',0),(24,'4D',0),(24,'6F',0),(24,'8B',0),(25,'10D',0),(25,'1A',0),(25,'3C',0),(25,'4D',0),(25,'5E',0),(25,'6F',0),(25,'8B',0),(25,'9C',0),(26,'1A',0),(26,'2B',0),(26,'4D',0),(26,'5E',0),(26,'7A',0),(27,'2B',0),(27,'5E',0),(27,'6F',0),(27,'7A',0),(28,'1A',0),(28,'2B',0),(28,'5E',0),(28,'7A',0),(29,'1A',0),(29,'2B',0),(29,'9C',0),(30,'2B',0),(30,'5E',0),(30,'6F',0),(30,'9C',0),(31,'1A',0),(31,'2B',0),(31,'3C',0),(31,'4D',0),(31,'7A',0),(31,'9C',0),(32,'10D',0),(32,'2B',0),(32,'5E',0),(32,'7A',0),(32,'8B',0),(33,'1A',0),(33,'4D',0),(34,'2B',0),(34,'6F',0),(34,'8B',0),(34,'9C',0),(35,'3C',0),(35,'4D',0),(35,'5E',0),(35,'7A',0),(35,'8B',0),(35,'9C',0),(36,'1A',0),(36,'4D',0),(36,'9C',0),(37,'2B',0),(37,'7A',0),(37,'8B',0),(37,'9C',0),(38,'2B',0),(38,'3C',0),(38,'4D',0),(38,'6F',0),(38,'9C',0),(39,'1A',0),(39,'4D',0),(39,'7A',0),(39,'9C',0),(40,'3C',0),(40,'4D',0),(40,'6F',0),(40,'7A',0),(40,'8B',0),(40,'9C',0),(41,'10D',0),(41,'2B',0),(41,'5E',0),(41,'7A',0),(42,'10D',0),(42,'1A',0),(42,'6F',0),(42,'7A',0),(42,'8B',0),(42,'9C',0),(43,'10D',0),(43,'1A',0),(43,'2B',0),(43,'3C',0),(43,'4D',0),(43,'5E',0),(43,'6F',0),(44,'1A',0),(44,'4D',0),(44,'5E',0),(44,'6F',0),(44,'8B',0),(45,'10D',0),(45,'1A',0),(45,'3C',0),(45,'5E',0),(45,'6F',0),(45,'9C',0),(46,'2B',0),(46,'3C',0),(46,'4D',0),(46,'5E',0),(46,'8B',0),(47,'10D',0),(47,'5E',0),(47,'7A',0),(47,'8B',0),(47,'9C',0),(48,'10D',0),(48,'3C',0),(48,'5E',0),(48,'6F',0),(48,'7A',0),(48,'8B',0),(49,'2B',0),(49,'4D',0),(49,'5E',0),(49,'6F',0),(49,'7A',0),(49,'9C',0),(50,'10D',0),(50,'2B',0),(50,'3C',0),(50,'5E',0),(50,'7A',0),(50,'8B',0),(51,'10D',0),(51,'1A',0),(51,'6F',0),(51,'8B',0),(52,'10D',0),(52,'1A',0),(52,'2B',0),(52,'3C',0),(52,'5E',0),(52,'7A',0),(52,'8B',0),(53,'10D',0),(53,'1A',0),(53,'3C',0),(53,'4D',0),(53,'7A',0),(54,'10D',0),(54,'2B',0),(54,'3C',0),(54,'6F',0),(54,'8B',0),(54,'9C',0),(55,'10D',0),(56,'10D',0),(56,'3C',0),(56,'9C',0),(57,'10D',0),(57,'5E',0),(57,'7A',0),(57,'8B',0),(58,'10D',0),(58,'3C',0),(58,'4D',0),(58,'5E',0),(58,'6F',0),(58,'7A',0),(58,'9C',0),(59,'1A',0),(59,'2B',0),(59,'5E',0),(59,'8B',0),(60,'10D',0),(60,'3C',0),(60,'4D',0),(60,'8B',0),(61,'10D',0),(61,'2B',0),(61,'3C',0),(61,'4D',0),(61,'5E',0),(61,'9C',0),(62,'1A',0),(62,'8B',0),(62,'9C',0),(63,'10D',0),(63,'1A',0),(63,'3C',0),(63,'4D',0),(63,'5E',0),(63,'6F',0),(63,'8B',0),(63,'9C',0),(64,'2B',0),(64,'3C',0),(64,'4D',0),(64,'5E',0),(64,'9C',0),(65,'2B',0),(65,'3C',0),(65,'4D',0),(65,'5E',0),(66,'10D',0),(66,'5E',0),(66,'8B',0),(66,'9C',0),(67,'4D',0),(67,'6F',0),(67,'9C',0),(68,'10D',0),(68,'1A',0),(68,'2B',0),(68,'3C',0),(68,'5E',0),(68,'7A',0),(69,'6F',0),(69,'7A',0),(69,'9C',0),(70,'10D',0),(70,'1A',0),(70,'3C',0),(70,'4D',0),(70,'7A',0),(70,'9C',0),(71,'10D',0),(71,'1A',0),(71,'2B',0),(71,'4D',0),(71,'6F',0),(71,'7A',0),(71,'9C',0),(72,'10D',0),(72,'1A',0),(72,'4D',0),(72,'5E',0),(72,'6F',0),(72,'7A',0),(72,'8B',0),(72,'9C',0),(73,'1A',0),(73,'4D',0),(73,'6F',0),(73,'9C',0),(74,'2B',0),(74,'5E',0),(74,'8B',0),(75,'10D',0),(75,'3C',0),(75,'6F',0),(75,'7A',0),(75,'8B',0),(76,'10D',0),(76,'2B',0),(76,'3C',0),(76,'4D',0),(76,'7A',0),(76,'9C',0),(77,'1A',0),(77,'2B',0),(77,'5E',0),(77,'8B',0),(77,'9C',0),(78,'3C',0),(78,'4D',0),(79,'1A',0),(79,'7A',0),(80,'10D',0),(80,'1A',0),(80,'8B',0),(80,'9C',0),(81,'10D',0),(81,'1A',0),(81,'3C',0),(81,'4D',0),(81,'5E',0),(81,'6F',0),(81,'8B',0),(81,'9C',0),(82,'1A',0),(82,'2B',0),(82,'3C',0),(82,'6F',0),(82,'7A',0),(82,'8B',0),(83,'4D',0),(83,'9C',0),(84,'10D',0),(84,'1A',0),(84,'2B',0),(84,'6F',0),(85,'10D',0),(85,'2B',0),(85,'4D',0),(85,'7A',0),(85,'8B',0),(85,'9C',0),(86,'2B',0),(86,'3C',0),(86,'6F',0),(86,'8B',0),(87,'10D',0),(87,'1A',0),(87,'4D',0),(87,'9C',0),(88,'10D',0),(88,'2B',0),(88,'6F',0),(89,'10D',0),(89,'3C',0),(89,'4D',0),(89,'7A',0),(89,'8B',0),(90,'10D',0),(90,'2B',0),(90,'3C',0),(90,'6F',0),(90,'7A',0),(91,'1A',0),(91,'2B',0),(91,'7A',0),(91,'8B',0),(92,'10D',0),(92,'3C',0),(92,'4D',0),(92,'6F',0),(93,'2B',0),(93,'6F',0),(93,'7A',0),(93,'9C',0),(94,'10D',0),(94,'1A',0),(94,'2B',0),(94,'4D',0),(94,'5E',0),(94,'8B',0),(94,'9C',0),(95,'2B',0),(95,'4D',0),(95,'5E',0),(95,'7A',0),(95,'8B',0),(96,'10D',0),(96,'1A',0),(96,'4D',0),(96,'5E',0),(96,'6F',0),(96,'8B',0),(96,'9C',0),(97,'10D',0),(97,'5E',0),(97,'7A',0),(97,'8B',0),(98,'1A',0),(98,'2B',0),(98,'5E',0),(98,'7A',0),(98,'8B',0),(98,'9C',0),(99,'1A',0),(99,'3C',0),(99,'4D',0),(99,'5E',0),(99,'6F',0),(99,'7A',0),(99,'8B',0),(100,'1A',0),(100,'2B',0),(100,'4D',0),(100,'6F',0),(101,'10D',0),(101,'2B',0),(101,'5E',0),(101,'6F',0),(101,'7A',0),(101,'8B',0),(102,'1A',0),(102,'2B',0),(102,'4D',0),(102,'5E',0),(102,'6F',0),(102,'7A',0),(102,'9C',0),(103,'10D',0),(103,'1A',0),(103,'2B',0),(103,'4D',0),(103,'7A',0),(104,'1A',0),(104,'2B',0),(104,'4D',0),(104,'5E',0),(104,'6F',0),(104,'7A',0),(104,'9C',0),(105,'1A',0),(105,'2B',0),(105,'8B',0),(105,'9C',0),(106,'10D',0),(106,'6F',0),(106,'7A',0),(106,'8B',0),(107,'5E',0),(107,'6F',0),(107,'8B',0),(108,'10D',0),(108,'1A',0),(108,'2B',0),(108,'3C',0),(108,'4D',0),(108,'8B',0),(109,'10D',0),(109,'4D',0),(109,'6F',0),(109,'9C',0),(110,'10D',0),(110,'1A',0),(110,'4D',0),(110,'6F',0),(110,'7A',0),(110,'9C',0),(111,'10D',0),(111,'1A',0),(111,'5E',0),(111,'6F',0),(111,'8B',0),(112,'1A',0),(112,'2B',0),(112,'3C',0),(112,'4D',0),(112,'8B',0),(113,'10D',0),(113,'2B',0),(113,'3C',0),(113,'4D',0),(113,'5E',0),(113,'9C',0),(114,'10D',0),(114,'2B',0),(114,'7A',0),(114,'8B',0),(115,'10D',0),(115,'2B',0),(115,'8B',0),(115,'9C',0),(116,'10D',0),(116,'1A',0),(116,'3C',0),(116,'4D',0),(116,'5E',0),(116,'6F',0),(116,'7A',0),(117,'1A',0),(117,'3C',0),(117,'5E',0),(117,'6F',0),(117,'7A',0),(118,'10D',0),(118,'1A',0),(118,'2B',0),(118,'3C',0),(118,'4D',0),(118,'5E',0),(118,'7A',0),(118,'9C',0),(119,'10D',0),(119,'1A',0),(119,'2B',0),(119,'4D',0),(119,'8B',0),(119,'9C',0),(120,'10D',0),(120,'2B',0),(120,'4D',0),(120,'5E',0),(120,'6F',0),(120,'9C',0),(121,'1A',0),(121,'6F',0),(121,'7A',0),(122,'1A',0),(122,'3C',0),(122,'4D',0),(122,'5E',0),(122,'7A',0),(123,'10D',0),(123,'1A',0),(123,'3C',0),(123,'4D',0),(124,'10D',0),(124,'3C',0),(124,'5E',0),(124,'8B',0),(124,'9C',0),(125,'10D',0),(125,'1A',0),(125,'2B',0),(125,'4D',0),(125,'5E',0),(125,'6F',0),(126,'2B',0),(126,'3C',0),(126,'7A',0),(127,'2B',0),(127,'3C',0),(127,'4D',0),(127,'7A',0),(127,'9C',0),(128,'10D',0),(128,'5E',0),(128,'6F',0),(129,'10D',0),(129,'3C',0),(129,'5E',0),(129,'6F',0),(129,'8B',0),(129,'9C',0),(130,'10D',0),(130,'1A',0),(130,'2B',0),(130,'3C',0),(130,'5E',0),(130,'8B',0),(131,'10D',0),(131,'2B',0),(131,'4D',0),(131,'6F',0),(131,'7A',0),(131,'8B',0),(131,'9C',0),(132,'5E',0),(132,'6F',0),(132,'9C',0),(133,'1A',0),(133,'4D',0),(133,'6F',0),(133,'9C',0),(134,'10D',0),(134,'1A',0),(134,'2B',0),(134,'4D',0),(134,'6F',0),(134,'9C',0),(135,'3C',0),(135,'8B',0),(136,'3C',0),(136,'4D',0),(136,'5E',0),(136,'6F',0),(136,'7A',0),(136,'8B',0),(137,'2B',0),(137,'5E',0),(137,'7A',0),(137,'9C',0),(138,'10D',0),(138,'4D',0),(138,'5E',0),(138,'6F',0),(138,'9C',0),(139,'1A',0),(139,'2B',0),(139,'4D',0),(139,'9C',0),(140,'1A',0),(140,'4D',0),(140,'5E',0),(140,'6F',0),(140,'7A',0),(140,'9C',0),(141,'10D',0),(141,'1A',0),(141,'2B',0),(141,'3C',0),(141,'4D',0),(141,'5E',0),(141,'8B',0),(141,'9C',0),(142,'1A',0),(142,'2B',0),(142,'4D',0),(142,'6F',0),(142,'8B',0),(143,'1A',0),(143,'2B',0),(143,'4D',0),(143,'9C',0),(144,'10D',0),(144,'1A',0),(144,'4D',0),(144,'5E',0),(144,'7A',0),(144,'8B',0),(144,'9C',0),(145,'10D',0),(145,'2B',0),(145,'3C',0),(145,'4D',0),(145,'8B',0),(145,'9C',0),(146,'3C',0),(146,'5E',0),(146,'6F',0),(146,'7A',0),(146,'9C',0),(147,'10D',0),(147,'2B',0),(147,'3C',0),(147,'4D',0),(147,'7A',0),(147,'9C',0),(148,'10D',0),(148,'1A',0),(148,'5E',0),(148,'8B',0),(149,'10D',0),(149,'3C',0),(149,'5E',0),(149,'9C',0),(150,'10D',0),(150,'1A',0),(150,'2B',0),(150,'3C',0),(150,'4D',0),(150,'5E',0),(150,'6F',0),(150,'7A',0),(150,'9C',0),(151,'1A',0),(151,'3C',0),(151,'5E',0),(151,'6F',0),(152,'1A',0),(152,'2B',0),(152,'3C',0),(152,'6F',0),(152,'9C',0),(153,'1A',0),(153,'3C',0),(153,'4D',0),(153,'6F',0),(153,'9C',0),(154,'10D',0),(154,'2B',0),(154,'3C',0),(154,'9C',0),(155,'10D',0),(155,'2B',0),(155,'3C',0),(155,'4D',0),(155,'9C',0),(156,'4D',0),(156,'6F',0),(156,'8B',0),(157,'10D',0),(157,'2B',0),(157,'4D',0),(157,'5E',0),(157,'6F',0),(157,'8B',0),(157,'9C',0),(158,'10D',0),(158,'2B',0),(158,'4D',0),(158,'6F',0),(158,'9C',0),(159,'4D',0),(159,'5E',0),(159,'8B',0),(159,'9C',0),(160,'10D',0),(160,'1A',0),(160,'3C',0),(160,'5E',0),(160,'6F',0),(160,'8B',0),(160,'9C',0),(161,'1A',0),(161,'2B',0),(161,'3C',0),(161,'7A',0),(162,'1A',0),(162,'4D',0),(162,'5E',0),(162,'6F',0),(162,'7A',0),(162,'9C',0),(163,'1A',0),(163,'4D',0),(163,'5E',0),(163,'7A',0),(163,'8B',0),(163,'9C',0),(164,'2B',0),(164,'3C',0),(164,'5E',0),(164,'7A',0),(164,'8B',0),(165,'1A',0),(165,'3C',0),(165,'4D',0),(165,'5E',0),(165,'8B',0),(166,'1A',0),(166,'2B',0),(166,'4D',0),(166,'5E',0),(166,'9C',0),(167,'10D',0),(167,'2B',0),(167,'3C',0),(167,'8B',0),(167,'9C',0),(168,'1A',0),(168,'4D',0),(168,'6F',0),(168,'8B',0),(168,'9C',0),(169,'10D',0),(169,'2B',0),(169,'4D',0),(169,'5E',0),(170,'1A',0),(170,'2B',0),(170,'5E',0),(170,'6F',0),(170,'8B',0),(170,'9C',0),(171,'2B',0),(171,'3C',0),(171,'6F',0),(171,'7A',0),(172,'1A',0),(172,'3C',0),(172,'4D',0),(172,'6F',0),(172,'7A',0),(172,'8B',0),(172,'9C',0),(173,'3C',0),(173,'4D',0),(173,'5E',0),(173,'8B',0),(174,'10D',0),(174,'6F',0),(174,'8B',0),(175,'10D',0),(175,'1A',0),(175,'2B',0),(175,'3C',0),(175,'5E',0),(175,'9C',0),(176,'1A',0),(176,'2B',0),(176,'3C',0),(177,'10D',0),(177,'1A',0),(177,'2B',0),(177,'5E',0),(177,'7A',0),(177,'9C',0),(178,'1A',0),(178,'2B',0),(178,'5E',0),(178,'7A',0),(178,'9C',0),(179,'1A',0),(179,'2B',0),(179,'4D',0),(179,'9C',0),(180,'1A',0),(180,'3C',0),(180,'4D',0),(180,'6F',0),(181,'10D',0),(181,'1A',0),(181,'4D',0),(181,'6F',0),(182,'1A',0),(182,'2B',0),(182,'3C',0),(182,'4D',0),(182,'5E',0),(182,'8B',0),(182,'9C',0),(183,'2B',0),(183,'4D',0),(183,'5E',0),(183,'6F',0),(183,'8B',0),(183,'9C',0),(184,'1A',0),(184,'3C',0),(184,'4D',0),(184,'6F',0),(184,'7A',0),(184,'8B',0),(185,'3C',0),(185,'4D',0),(185,'5E',0),(185,'6F',0),(185,'8B',0),(185,'9C',0),(186,'10D',0),(186,'1A',0),(186,'2B',0),(186,'3C',0),(186,'5E',0),(186,'9C',0),(187,'10D',0),(187,'2B',0),(187,'4D',0),(187,'6F',0),(188,'1A',0),(188,'2B',0),(188,'3C',0),(188,'5E',0),(188,'6F',0),(188,'8B',0),(189,'10D',0),(189,'4D',0),(189,'7A',0),(189,'8B',0),(190,'4D',0),(190,'6F',0),(190,'8B',0),(190,'9C',0),(191,'3C',0),(191,'8B',0),(192,'1A',0),(192,'3C',0),(192,'5E',0),(192,'6F',0),(192,'9C',0),(193,'5E',0),(193,'7A',0),(193,'8B',0),(193,'9C',0),(194,'1A',0),(194,'5E',0),(194,'6F',0),(194,'9C',0),(195,'10D',0),(195,'1A',0),(195,'2B',0),(195,'3C',0),(195,'5E',0),(195,'7A',0),(195,'9C',0),(196,'10D',0),(196,'1A',0),(196,'2B',0),(196,'3C',0),(197,'10D',0),(197,'2B',0),(197,'3C',0),(197,'5E',0),(197,'6F',0),(197,'7A',0),(197,'8B',0),(197,'9C',0),(198,'6F',0),(198,'8B',0),(198,'9C',0),(199,'4D',0),(199,'5E',0),(199,'8B',0),(199,'9C',0),(200,'1A',0),(200,'4D',0),(200,'6F',0),(200,'8B',0),(201,'10D',0),(201,'2B',0),(201,'4D',0),(201,'6F',0),(201,'7A',0),(201,'9C',0),(202,'1A',0),(202,'2B',0),(202,'3C',0),(202,'4D',0),(202,'7A',0),(203,'10D',0),(203,'1A',0),(203,'3C',0),(203,'4D',0),(203,'6F',0),(203,'7A',0),(203,'8B',0),(204,'2B',0),(204,'5E',0),(204,'9C',0),(205,'10D',0),(205,'1A',0),(205,'9C',0),(206,'1A',0),(206,'2B',0),(206,'3C',0),(206,'4D',0),(207,'10D',0),(207,'1A',0),(207,'2B',0),(207,'6F',0),(208,'4D',0),(208,'5E',0),(208,'7A',0),(209,'10D',0),(209,'2B',0),(209,'3C',0),(209,'6F',0),(209,'7A',0),(210,'1A',0),(210,'3C',0),(210,'6F',0),(210,'9C',0),(211,'10D',0),(211,'2B',0),(211,'3C',0),(211,'4D',0),(211,'7A',0),(211,'8B',0),(211,'9C',0),(212,'1A',0),(212,'2B',0),(212,'7A',0),(212,'8B',0),(213,'1A',0),(213,'5E',0),(213,'7A',0),(213,'8B',0),(214,'10D',0),(214,'2B',0),(214,'5E',0),(214,'8B',0),(214,'9C',0),(215,'1A',0),(215,'2B',0),(215,'3C',0),(215,'5E',0),(216,'10D',0),(216,'1A',0),(216,'3C',0),(216,'7A',0),(216,'9C',0),(217,'10D',0),(217,'2B',0),(217,'3C',0),(217,'4D',0),(217,'5E',0),(217,'6F',0),(217,'9C',0),(218,'10D',0),(218,'2B',0),(218,'3C',0),(218,'6F',0),(218,'7A',0),(218,'8B',0),(218,'9C',0),(219,'2B',0),(219,'4D',0),(219,'5E',0),(219,'6F',0),(219,'7A',0),(219,'9C',0),(220,'5E',0),(220,'6F',0),(220,'7A',0),(220,'9C',0),(221,'10D',0),(221,'3C',0),(221,'5E',0),(221,'7A',0),(221,'8B',0),(221,'9C',0),(222,'1A',0),(222,'3C',0),(222,'4D',0),(222,'5E',0),(222,'7A',0),(223,'1A',0),(223,'2B',0),(223,'3C',0),(223,'6F',0),(223,'9C',0),(224,'10D',0),(224,'1A',0),(224,'3C',0),(224,'4D',0),(224,'7A',0),(224,'8B',0),(224,'9C',0),(225,'2B',0),(225,'4D',0),(225,'6F',0),(225,'8B',0),(226,'2B',0),(226,'4D',0),(226,'6F',0),(226,'7A',0),(227,'2B',0),(227,'5E',0),(228,'3C',0),(228,'5E',0),(228,'6F',0),(228,'9C',0),(229,'2B',0),(229,'5E',0),(229,'7A',0),(230,'10D',0),(230,'5E',0),(230,'6F',0),(230,'7A',0),(231,'1A',0),(231,'4D',0),(231,'6F',0),(231,'8B',0),(232,'1A',0),(232,'5E',0),(232,'8B',0),(232,'9C',0),(233,'10D',0),(233,'1A',0),(233,'2B',0),(233,'3C',0),(233,'5E',0),(233,'9C',0),(234,'10D',0),(234,'1A',0),(234,'3C',0),(234,'8B',0),(234,'9C',0),(235,'10D',0),(235,'3C',0),(235,'4D',0),(235,'5E',0),(235,'8B',0),(236,'10D',0),(236,'1A',0),(236,'7A',0),(236,'8B',0),(237,'10D',0),(237,'1A',0),(237,'3C',0),(237,'5E',0),(237,'9C',0),(238,'10D',0),(238,'8B',0),(239,'2B',0),(239,'5E',0),(239,'6F',0),(239,'9C',0),(240,'10D',0),(240,'1A',0),(240,'2B',0),(240,'3C',0),(240,'8B',0),(240,'9C',0),(241,'1A',0),(241,'3C',0),(241,'6F',0),(241,'7A',0),(241,'8B',0),(242,'2B',0),(242,'5E',0),(242,'6F',0),(242,'9C',0),(243,'10D',0),(243,'2B',0),(243,'4D',0),(243,'6F',0),(243,'8B',0),(244,'10D',0),(244,'1A',0),(244,'2B',0),(244,'6F',0),(245,'1A',0),(245,'3C',0),(245,'4D',0),(245,'7A',0),(245,'8B',0),(246,'10D',0),(246,'1A',0),(246,'3C',0),(246,'4D',0),(246,'5E',0),(246,'6F',0),(246,'8B',0),(247,'1A',0),(247,'4D',0),(247,'8B',0),(247,'9C',0),(248,'10D',0),(248,'1A',0),(248,'2B',0),(248,'4D',0),(248,'6F',0),(248,'8B',0),(249,'10D',0),(249,'1A',0),(249,'2B',0),(249,'6F',0),(249,'8B',0),(250,'1A',0),(250,'3C',0),(250,'6F',0),(251,'2B',0),(251,'3C',0),(251,'4D',0),(251,'5E',0),(251,'7A',0),(251,'8B',0),(252,'10D',0),(252,'1A',0),(252,'3C',0),(252,'5E',0),(252,'7A',0),(252,'8B',0),(253,'10D',0),(253,'1A',0),(253,'3C',0),(253,'5E',0),(253,'6F',0),(253,'8B',0),(254,'1A',0),(254,'3C',0),(254,'5E',0),(254,'6F',0),(254,'7A',0),(254,'8B',0),(255,'2B',0),(255,'5E',0),(255,'9C',0),(256,'1A',0),(256,'2B',0),(256,'3C',0),(257,'10D',0),(257,'2B',0),(257,'3C',0),(257,'6F',0),(257,'7A',0),(257,'8B',0),(258,'4D',0),(259,'10D',0),(259,'1A',0),(259,'4D',0),(259,'5E',0),(259,'8B',0),(259,'9C',0),(260,'10D',0),(260,'1A',0),(260,'2B',0),(260,'3C',0),(260,'5E',0),(260,'6F',0),(260,'7A',0),(260,'8B',0),(260,'9C',0),(261,'10D',0),(261,'1A',0),(261,'2B',0),(261,'3C',0),(261,'6F',0),(262,'5E',0),(262,'8B',0),(263,'10D',0),(263,'1A',0),(263,'2B',0),(263,'4D',0),(263,'8B',0),(263,'9C',0),(264,'1A',0),(264,'7A',0),(264,'8B',0),(265,'10D',0),(265,'1A',0),(265,'4D',0),(265,'7A',0),(265,'8B',0),(265,'9C',0),(266,'4D',0),(266,'5E',0),(266,'9C',0),(267,'10D',0),(267,'1A',0),(267,'3C',0),(267,'4D',0),(267,'6F',0),(267,'9C',0),(268,'10D',0),(268,'2B',0),(268,'3C',0),(268,'6F',0),(268,'7A',0),(268,'8B',0),(269,'1A',0),(269,'2B',0),(269,'3C',0),(269,'5E',0),(269,'7A',0),(269,'9C',0),(270,'10D',0),(270,'1A',0),(270,'2B',0),(270,'3C',0),(270,'6F',0),(270,'9C',0),(271,'10D',0),(271,'3C',0),(271,'5E',0),(271,'6F',0),(271,'8B',0),(272,'1A',0),(272,'2B',0),(272,'4D',0),(272,'5E',0),(272,'6F',0),(272,'8B',0),(273,'10D',0),(273,'1A',0),(273,'3C',0),(273,'6F',0),(274,'10D',0),(274,'4D',0),(274,'6F',0),(274,'7A',0),(274,'8B',0),(275,'10D',0),(275,'1A',0),(275,'2B',0),(275,'4D',0),(275,'5E',0),(275,'7A',0),(275,'8B',0),(276,'10D',0),(276,'2B',0),(276,'4D',0),(276,'5E',0),(276,'8B',0),(276,'9C',0),(277,'10D',0),(277,'2B',0),(277,'4D',0),(277,'6F',0),(277,'8B',0),(277,'9C',0),(278,'2B',0),(278,'7A',0),(278,'8B',0),(278,'9C',0),(279,'10D',0),(279,'5E',0),(279,'6F',0),(279,'8B',0),(280,'1A',0),(280,'2B',0),(280,'3C',0),(280,'6F',0),(280,'9C',0),(281,'1A',0),(281,'2B',0),(281,'3C',0),(281,'4D',0),(281,'5E',0),(281,'9C',0),(282,'1A',0),(282,'2B',0),(282,'4D',0),(282,'9C',0),(283,'10D',0),(283,'4D',0),(283,'6F',0),(284,'5E',0),(284,'7A',0),(284,'8B',0),(284,'9C',0),(285,'10D',0),(285,'1A',0),(285,'3C',0),(285,'5E',0),(285,'6F',0),(286,'10D',0),(286,'1A',0),(286,'2B',0),(286,'5E',0),(286,'6F',0),(287,'10D',0),(287,'2B',0),(287,'4D',0),(287,'7A',0),(287,'8B',0),(287,'9C',0),(288,'10D',0),(288,'2B',0),(288,'3C',0),(288,'5E',0),(288,'6F',0),(288,'9C',0),(289,'10D',0),(289,'1A',0),(289,'2B',0),(289,'5E',0),(289,'9C',0),(290,'1A',0),(290,'2B',0),(290,'4D',0),(290,'5E',0),(291,'10D',0),(291,'3C',0),(291,'7A',0),(291,'9C',0),(292,'1A',0),(292,'3C',0),(292,'5E',0),(292,'6F',0),(292,'7A',0),(292,'8B',0),(293,'2B',0),(293,'3C',0),(293,'4D',0),(293,'5E',0),(293,'6F',0),(293,'7A',0),(293,'9C',0),(294,'3C',0),(294,'5E',0),(294,'8B',0),(294,'9C',0),(295,'10D',0),(295,'1A',0),(295,'2B',0),(295,'5E',0),(295,'6F',0),(295,'8B',0),(296,'1A',0),(296,'2B',0),(296,'8B',0),(296,'9C',0),(297,'10D',0),(297,'2B',0),(297,'5E',0),(297,'6F',0),(297,'8B',0),(297,'9C',0),(298,'10D',0),(298,'2B',0),(298,'7A',0),(298,'8B',0),(299,'1A',0),(299,'2B',0),(299,'4D',0),(299,'6F',0),(299,'9C',0),(300,'4D',0),(300,'8B',0),(300,'9C',0),(301,'2B',0),(301,'3C',0),(301,'4D',0),(301,'8B',0),(302,'3C',0),(302,'6F',0),(302,'9C',0),(303,'10D',0),(303,'1A',0),(303,'4D',0),(303,'7A',0),(303,'8B',0),(304,'1A',0),(304,'4D',0),(304,'6F',0),(304,'7A',0),(304,'8B',0),(305,'2B',0),(305,'3C',0),(305,'4D',0),(305,'6F',0),(305,'9C',0),(306,'3C',0),(306,'4D',0),(306,'6F',0),(306,'7A',0),(306,'9C',0),(307,'6F',0),(307,'7A',0),(307,'8B',0),(307,'9C',0),(308,'1A',0),(308,'2B',0),(308,'3C',0),(308,'4D',0),(308,'6F',0),(308,'8B',0),(308,'9C',0),(309,'6F',0),(309,'7A',0),(309,'8B',0),(309,'9C',0),(310,'10D',0),(310,'1A',0),(310,'5E',0),(310,'6F',0),(310,'8B',0),(310,'9C',0),(311,'10D',0),(311,'3C',0),(311,'6F',0),(311,'7A',0),(312,'10D',0),(312,'4D',0),(312,'5E',0),(312,'6F',0),(312,'7A',0),(312,'9C',0),(313,'1A',0),(313,'4D',0),(313,'5E',0),(313,'6F',0),(314,'10D',0),(314,'1A',0),(314,'4D',0),(314,'5E',0),(314,'6F',0),(314,'7A',0),(315,'10D',0),(315,'1A',0),(315,'5E',0),(315,'6F',0),(315,'7A',0),(315,'8B',0),(316,'1A',0),(316,'2B',0),(316,'3C',0),(316,'4D',0),(316,'5E',0),(317,'3C',0),(317,'5E',0),(317,'7A',0),(318,'10D',0),(318,'1A',0),(318,'2B',0),(318,'3C',0),(318,'5E',0),(318,'6F',0),(318,'9C',0),(319,'10D',0),(319,'1A',0),(319,'2B',0),(319,'4D',0),(319,'5E',0),(319,'9C',0),(320,'1A',0),(320,'6F',0),(320,'7A',0),(320,'9C',0),(321,'10D',0),(321,'1A',0),(321,'2B',0),(321,'4D',0),(321,'5E',0),(321,'6F',0),(321,'7A',0),(321,'9C',0),(322,'10D',0),(322,'1A',0),(322,'6F',0),(322,'7A',0),(323,'10D',0),(323,'2B',0),(323,'6F',0),(323,'7A',0),(323,'8B',0),(324,'2B',0),(324,'3C',0),(324,'4D',0),(324,'6F',0),(324,'8B',0),(324,'9C',0),(325,'4D',0),(325,'6F',0),(325,'8B',0),(326,'10D',0),(326,'2B',0),(326,'4D',0),(326,'6F',0),(327,'1A',0),(327,'2B',0),(327,'4D',0),(327,'7A',0),(327,'8B',0),(328,'2B',0),(328,'4D',0),(328,'5E',0),(328,'6F',0),(328,'8B',0),(328,'9C',0),(329,'10D',0),(329,'4D',0),(329,'5E',0),(329,'7A',0),(329,'8B',0),(329,'9C',0),(330,'2B',0),(330,'4D',0),(330,'5E',0),(330,'6F',0),(330,'7A',0),(331,'10D',0),(331,'2B',0),(331,'3C',0),(331,'6F',0),(331,'7A',0),(332,'10D',0),(332,'1A',0),(332,'3C',0),(332,'4D',0),(332,'6F',0),(332,'9C',0),(333,'10D',0),(333,'1A',0),(333,'3C',0),(333,'5E',0),(333,'6F',0),(333,'7A',0),(333,'8B',0),(333,'9C',0),(334,'1A',0),(334,'3C',0),(334,'4D',0),(334,'9C',0),(335,'1A',0),(335,'3C',0),(335,'4D',0),(335,'5E',0),(335,'6F',0),(335,'9C',0),(336,'7A',0),(336,'8B',0),(336,'9C',0),(337,'4D',0),(337,'6F',0),(337,'7A',0),(337,'9C',0),(338,'1A',0),(338,'5E',0),(338,'7A',0),(338,'8B',0),(339,'10D',0),(339,'1A',0),(339,'2B',0),(339,'3C',0),(339,'4D',0),(339,'5E',0),(339,'6F',0),(340,'10D',0),(340,'1A',0),(340,'2B',0),(340,'3C',0),(340,'4D',0),(340,'8B',0),(340,'9C',0),(341,'10D',0),(341,'1A',0),(341,'4D',0),(341,'5E',0),(342,'2B',0),(342,'4D',0),(342,'5E',0),(342,'7A',0),(342,'8B',0),(343,'1A',0),(343,'2B',0),(343,'4D',0),(343,'7A',0),(344,'10D',0),(344,'1A',0),(344,'3C',0),(344,'5E',0),(344,'7A',0),(344,'8B',0),(344,'9C',0),(345,'1A',0),(345,'2B',0),(345,'3C',0),(345,'4D',0),(345,'7A',0),(345,'8B',0),(346,'10D',0),(346,'2B',0),(346,'4D',0),(346,'5E',0),(346,'6F',0),(346,'7A',0),(346,'8B',0),(347,'3C',0),(347,'5E',0),(347,'6F',0),(347,'7A',0),(347,'8B',0),(348,'10D',0),(348,'2B',0),(348,'5E',0),(348,'7A',0),(348,'8B',0),(349,'4D',0),(349,'6F',0),(349,'8B',0),(350,'10D',0),(350,'2B',0),(350,'3C',0),(350,'4D',0),(350,'7A',0),(350,'8B',0),(350,'9C',0),(351,'10D',0),(351,'1A',0),(351,'2B',0),(351,'3C',0),(351,'5E',0),(351,'8B',0),(351,'9C',0),(352,'10D',0),(352,'1A',0),(352,'3C',0),(352,'9C',0),(353,'10D',0),(353,'2B',0),(353,'3C',0),(353,'6F',0),(353,'8B',0),(353,'9C',0),(354,'1A',0),(354,'4D',0),(354,'5E',0),(354,'6F',0),(354,'8B',0),(354,'9C',0),(355,'2B',0),(355,'3C',0),(355,'9C',0),(356,'10D',0),(356,'1A',0),(356,'2B',0),(356,'3C',0),(356,'5E',0),(356,'7A',0),(356,'9C',0),(357,'10D',0),(357,'3C',0),(357,'7A',0),(357,'8B',0),(358,'2B',0),(358,'4D',0),(358,'7A',0),(359,'1A',0),(359,'2B',0),(359,'3C',0),(359,'6F',0),(359,'9C',0),(360,'10D',0),(360,'1A',0),(360,'3C',0),(360,'5E',0),(360,'7A',0),(360,'9C',0),(361,'10D',0),(361,'1A',0),(361,'3C',0),(361,'7A',0),(362,'10D',0),(362,'1A',0),(362,'3C',0),(362,'4D',0),(362,'5E',0),(362,'9C',0),(363,'4D',0),(363,'5E',0),(363,'6F',0),(363,'8B',0),(364,'2B',0),(364,'3C',0),(364,'4D',0),(364,'5E',0),(364,'6F',0),(364,'7A',0),(364,'8B',0),(364,'9C',0),(365,'10D',0),(365,'5E',0),(365,'6F',0),(365,'8B',0),(365,'9C',0),(366,'10D',0),(366,'1A',0),(366,'2B',0),(366,'3C',0),(366,'5E',0),(366,'6F',0),(366,'8B',0),(367,'10D',0),(367,'1A',0),(367,'3C',0),(367,'4D',0),(367,'5E',0),(367,'8B',0),(368,'1A',0),(368,'3C',0),(368,'5E',0),(368,'7A',0),(368,'8B',0),(369,'10D',0),(369,'1A',0),(369,'3C',0),(369,'4D',0),(369,'7A',0),(370,'1A',0),(370,'2B',0),(370,'4D',0),(370,'5E',0),(370,'7A',0),(370,'8B',0),(370,'9C',0),(371,'10D',0),(371,'2B',0),(371,'6F',0),(371,'8B',0),(372,'10D',0),(372,'5E',0),(372,'6F',0),(373,'10D',0),(373,'1A',0),(373,'2B',0),(373,'7A',0),(373,'9C',0),(374,'10D',0),(374,'4D',0),(374,'5E',0),(375,'1A',0),(375,'3C',0),(375,'5E',0),(375,'7A',0),(375,'8B',0),(375,'9C',0),(376,'1A',0),(376,'3C',0),(376,'5E',0),(376,'6F',0),(376,'8B',0),(377,'10D',0),(377,'5E',0),(377,'6F',0),(377,'7A',0),(377,'9C',0),(378,'10D',0),(378,'2B',0),(378,'5E',0),(378,'9C',0),(379,'10D',0),(379,'1A',0),(379,'3C',0),(379,'4D',0),(379,'7A',0),(379,'9C',0),(380,'1A',0),(380,'2B',0),(380,'3C',0),(380,'4D',0),(380,'5E',0),(380,'6F',0),(380,'7A',0),(380,'9C',0),(381,'10D',0),(381,'3C',0),(381,'4D',0),(381,'6F',0),(381,'8B',0),(382,'10D',0),(382,'1A',0),(382,'2B',0),(382,'4D',0),(382,'5E',0),(382,'8B',0),(382,'9C',0),(383,'5E',0),(383,'8B',0),(384,'1A',0),(384,'2B',0),(384,'3C',0),(384,'5E',0),(384,'8B',0),(385,'1A',0),(385,'2B',0),(385,'3C',0),(385,'4D',0),(385,'6F',0),(385,'7A',0),(385,'9C',0),(386,'10D',0),(386,'2B',0),(386,'3C',0),(386,'4D',0),(386,'8B',0),(387,'10D',0),(387,'1A',0),(387,'3C',0),(387,'5E',0),(387,'6F',0),(387,'9C',0),(388,'10D',0),(388,'2B',0),(388,'3C',0),(388,'5E',0),(388,'9C',0),(389,'4D',0),(389,'5E',0),(389,'7A',0),(389,'8B',0),(389,'9C',0),(390,'1A',0),(390,'5E',0),(390,'6F',0),(390,'7A',0),(390,'8B',0),(391,'1A',0),(391,'2B',0),(391,'4D',0),(391,'5E',0),(392,'10D',0),(392,'1A',0),(392,'2B',0),(392,'4D',0),(392,'5E',0),(392,'6F',0),(392,'8B',0),(392,'9C',0),(393,'10D',0),(393,'2B',0),(393,'4D',0),(393,'5E',0),(393,'7A',0),(394,'1A',0),(394,'2B',0),(394,'3C',0),(394,'4D',0),(394,'5E',0),(394,'7A',0),(394,'8B',0),(395,'10D',0),(395,'2B',0),(395,'3C',0),(395,'5E',0),(395,'7A',0),(395,'9C',0),(396,'10D',0),(396,'2B',0),(396,'3C',0),(396,'4D',0),(396,'8B',0),(396,'9C',0),(397,'3C',0),(397,'5E',0),(397,'6F',0),(397,'8B',0),(397,'9C',0),(398,'10D',0),(398,'3C',0),(398,'4D',0),(398,'5E',0),(398,'7A',0),(398,'8B',0),(399,'10D',0),(399,'4D',0),(399,'5E',0),(399,'7A',0),(399,'8B',0),(399,'9C',0),(400,'1A',0),(400,'5E',0),(401,'5E',0),(401,'6F',0),(401,'7A',0),(401,'9C',0),(402,'10D',0),(402,'2B',0),(402,'3C',0),(402,'6F',0),(402,'7A',0),(402,'9C',0),(403,'3C',0),(403,'7A',0),(403,'8B',0),(404,'1A',0),(404,'2B',0),(404,'5E',0),(404,'8B',0),(404,'9C',0),(405,'10D',0),(405,'1A',0),(405,'2B',0),(405,'5E',0),(405,'8B',0),(405,'9C',0),(406,'2B',0),(406,'3C',0),(406,'4D',0),(406,'8B',0),(406,'9C',0),(407,'1A',0),(407,'2B',0),(407,'4D',0),(407,'5E',0),(407,'6F',0),(407,'9C',0),(408,'10D',0),(408,'4D',0),(408,'5E',0),(408,'9C',0),(409,'3C',0),(409,'5E',0),(409,'6F',0),(409,'8B',0),(409,'9C',0),(410,'1A',0),(410,'4D',0),(410,'6F',0),(410,'7A',0),(410,'8B',0),(411,'1A',0),(411,'4D',0),(411,'6F',0),(411,'7A',0),(411,'8B',0),(412,'1A',0),(412,'3C',0),(412,'4D',0),(412,'5E',0),(412,'7A',0),(412,'8B',0),(412,'9C',0),(413,'1A',0),(413,'3C',0),(414,'4D',0),(414,'5E',0),(414,'6F',0),(414,'7A',0),(414,'9C',0),(415,'2B',0),(415,'4D',0),(415,'5E',0),(415,'8B',0),(415,'9C',0),(416,'10D',0),(416,'1A',0),(416,'4D',0),(416,'5E',0),(416,'6F',0),(416,'7A',0),(416,'8B',0),(417,'4D',0),(417,'6F',0),(417,'8B',0),(417,'9C',0),(418,'2B',0),(418,'3C',0),(418,'4D',0),(418,'7A',0),(418,'8B',0),(419,'10D',0),(419,'2B',0),(419,'3C',0),(419,'5E',0),(419,'7A',0),(419,'8B',0),(420,'10D',0),(420,'6F',0),(420,'7A',0),(420,'8B',0),(420,'9C',0),(421,'1A',0),(421,'5E',0),(421,'7A',0),(422,'10D',0),(422,'2B',0),(422,'3C',0),(422,'4D',0),(422,'5E',0),(422,'6F',0),(422,'7A',0),(422,'8B',0),(423,'10D',0),(423,'5E',0),(423,'6F',0),(423,'7A',0),(423,'8B',0),(424,'10D',0),(424,'2B',0),(424,'7A',0),(424,'8B',0),(424,'9C',0),(425,'4D',0),(425,'5E',0),(425,'6F',0),(425,'9C',0),(426,'4D',0),(426,'5E',0),(426,'7A',0),(427,'10D',0),(427,'2B',0),(427,'3C',0),(427,'4D',0),(427,'7A',0),(427,'8B',0),(427,'9C',0),(428,'2B',0),(428,'3C',0),(428,'4D',0),(428,'6F',0),(428,'8B',0),(428,'9C',0),(429,'2B',0),(429,'3C',0),(429,'4D',0),(429,'6F',0),(429,'7A',0),(429,'9C',0),(430,'1A',0),(430,'2B',0),(430,'4D',0),(430,'5E',0),(430,'6F',0),(430,'7A',0),(431,'10D',0),(431,'1A',0),(431,'3C',0),(431,'5E',0),(432,'1A',0),(432,'4D',0),(433,'1A',0),(433,'3C',0),(433,'8B',0),(433,'9C',0),(434,'3C',0),(434,'4D',0),(434,'5E',0),(434,'8B',0),(434,'9C',0),(435,'10D',0),(435,'1A',0),(435,'5E',0),(435,'8B',0),(436,'10D',0),(436,'1A',0),(436,'2B',0),(436,'4D',0),(436,'6F',0),(436,'8B',0),(436,'9C',0),(437,'1A',0),(437,'4D',0),(437,'5E',0),(437,'8B',0),(438,'10D',0),(438,'1A',0),(438,'2B',0),(438,'4D',0),(438,'5E',0),(438,'7A',0),(439,'10D',0),(439,'1A',0),(439,'4D',0),(439,'6F',0),(440,'10D',0),(440,'2B',0),(440,'3C',0),(440,'5E',0),(440,'6F',0),(440,'7A',0),(440,'8B',0),(440,'9C',0),(441,'10D',0),(441,'2B',0),(441,'4D',0),(441,'5E',0),(441,'6F',0),(441,'7A',0),(441,'8B',0),(441,'9C',0),(442,'1A',0),(442,'2B',0),(442,'4D',0),(442,'5E',0),(442,'7A',0),(442,'8B',0),(443,'10D',0),(443,'2B',0),(443,'3C',0),(443,'4D',0),(443,'5E',0),(443,'6F',0),(443,'7A',0),(443,'8B',0),(444,'10D',0),(444,'1A',0),(444,'4D',0),(444,'5E',0),(444,'7A',0),(444,'9C',0),(445,'1A',0),(445,'3C',0),(445,'4D',0),(445,'5E',0),(445,'6F',0),(445,'8B',0),(445,'9C',0),(446,'3C',0),(446,'5E',0),(446,'8B',0),(447,'2B',0),(447,'3C',0),(447,'5E',0),(447,'6F',0),(447,'8B',0),(447,'9C',0),(448,'10D',0),(448,'3C',0),(448,'4D',0),(448,'5E',0),(448,'7A',0),(448,'8B',0),(449,'10D',0),(449,'1A',0),(449,'2B',0),(449,'3C',0),(449,'4D',0),(449,'7A',0),(449,'8B',0),(449,'9C',0),(450,'6F',0),(450,'7A',0),(450,'8B',0),(450,'9C',0),(451,'10D',0),(451,'1A',0),(451,'3C',0),(451,'4D',0),(451,'5E',0),(451,'6F',0),(451,'7A',0),(452,'1A',0),(452,'2B',0),(452,'4D',0),(452,'5E',0),(452,'7A',0),(452,'9C',0),(453,'10D',0),(453,'1A',0),(453,'2B',0),(453,'4D',0),(453,'6F',0),(453,'8B',0),(453,'9C',0),(454,'10D',0),(454,'2B',0),(454,'5E',0),(454,'6F',0),(454,'7A',0),(454,'9C',0),(455,'10D',0),(455,'1A',0),(455,'2B',0),(455,'3C',0),(455,'6F',0),(455,'7A',0),(455,'8B',0),(456,'10D',0),(456,'5E',0),(456,'8B',0),(456,'9C',0),(457,'1A',0),(457,'3C',0),(457,'4D',0),(457,'5E',0),(457,'6F',0),(457,'7A',0),(457,'9C',0),(458,'1A',0),(458,'3C',0),(458,'5E',0),(458,'6F',0),(458,'8B',0),(458,'9C',0),(459,'1A',0),(459,'3C',0),(459,'5E',0),(459,'7A',0),(460,'10D',0),(460,'1A',0),(460,'3C',0),(460,'4D',0),(460,'5E',0),(461,'1A',0),(461,'3C',0),(461,'4D',0),(461,'5E',0),(461,'6F',0),(461,'8B',0),(462,'10D',0),(462,'5E',0),(462,'6F',0),(463,'10D',0),(463,'1A',0),(464,'2B',0),(464,'3C',0),(464,'4D',0),(464,'5E',0),(464,'7A',0),(464,'8B',0),(465,'1A',0),(465,'2B',0),(465,'8B',0),(465,'9C',0),(466,'1A',0),(466,'3C',0),(466,'5E',0),(466,'8B',0),(466,'9C',0),(467,'2B',0),(467,'4D',0),(467,'5E',0),(467,'6F',0),(467,'7A',0),(467,'8B',0),(467,'9C',0),(468,'10D',0),(468,'3C',0),(468,'4D',0),(468,'5E',0),(469,'1A',0),(469,'2B',0),(469,'3C',0),(469,'5E',0),(469,'8B',0),(469,'9C',0),(470,'4D',0),(471,'2B',0),(471,'4D',0),(471,'5E',0),(471,'7A',0),(471,'8B',0),(471,'9C',0),(472,'5E',0),(472,'6F',0),(472,'8B',0),(473,'1A',0),(473,'2B',0),(473,'3C',0),(473,'4D',0),(473,'5E',0),(473,'6F',0),(473,'8B',0),(473,'9C',0),(474,'10D',0),(474,'1A',0),(474,'6F',0),(474,'7A',0),(474,'8B',0),(474,'9C',0),(475,'1A',0),(475,'2B',0),(475,'9C',0),(476,'2B',0),(477,'10D',0),(477,'1A',0),(477,'3C',0),(477,'7A',0),(477,'9C',0),(478,'10D',0),(478,'1A',0),(478,'2B',0),(478,'5E',0),(478,'6F',0),(478,'9C',0),(479,'1A',0),(479,'2B',0),(479,'3C',0),(479,'5E',0),(479,'8B',0),(479,'9C',0),(480,'2B',0),(480,'3C',0),(480,'4D',0),(480,'5E',0),(480,'9C',0),(481,'10D',0),(481,'2B',0),(482,'10D',0),(482,'1A',0),(482,'4D',0),(482,'7A',0),(482,'8B',0),(483,'10D',0),(483,'3C',0),(483,'4D',0),(483,'6F',0),(483,'8B',0),(484,'1A',0),(484,'3C',0),(484,'6F',0),(485,'10D',0),(485,'5E',0),(485,'7A',0),(485,'8B',0),(486,'10D',0),(486,'2B',0),(486,'3C',0),(486,'5E',0),(486,'6F',0),(486,'8B',0),(487,'2B',0),(487,'3C',0),(487,'8B',0),(488,'10D',0),(488,'1A',0),(488,'2B',0),(488,'5E',0),(488,'6F',0),(488,'8B',0),(489,'10D',0),(489,'6F',0),(489,'7A',0),(490,'5E',0),(490,'9C',0),(491,'1A',0),(491,'5E',0),(491,'6F',0),(491,'9C',0),(492,'1A',0),(492,'2B',0),(492,'3C',0),(492,'6F',0),(492,'9C',0),(493,'10D',0),(493,'2B',0),(493,'3C',0),(493,'4D',0),(493,'5E',0),(494,'4D',0),(494,'5E',0),(494,'7A',0),(494,'8B',0),(495,'1A',0),(495,'2B',0),(495,'4D',0),(495,'9C',0),(496,'10D',0),(496,'2B',0),(496,'3C',0),(496,'4D',0),(496,'5E',0),(496,'6F',0),(496,'7A',0),(497,'2B',0),(497,'3C',0),(497,'4D',0),(497,'6F',0),(497,'7A',0),(497,'8B',0),(498,'1A',0),(498,'2B',0),(498,'3C',0),(498,'5E',0),(498,'7A',0),(498,'9C',0),(499,'10D',0),(499,'2B',0),(499,'4D',0),(499,'5E',0),(499,'6F',0),(499,'9C',0),(500,'10D',0),(500,'2B',0),(500,'4D',0),(500,'9C',0),(501,'2B',0),(501,'3C',0),(501,'4D',0),(501,'5E',0),(501,'6F',0),(501,'8B',0),(501,'9C',0),(502,'1A',0),(502,'2B',0),(502,'3C',0),(502,'4D',0),(502,'7A',0),(503,'2B',0),(503,'3C',0),(503,'6F',0),(503,'7A',0),(503,'8B',0),(503,'9C',0),(504,'10D',0),(504,'3C',0),(504,'6F',0),(504,'8B',0),(505,'10D',0),(505,'4D',0),(505,'6F',0),(505,'9C',0),(506,'2B',0),(506,'5E',0),(506,'7A',0),(506,'9C',0),(507,'10D',0),(507,'1A',0),(507,'2B',0),(507,'3C',0),(507,'5E',0),(507,'7A',0),(507,'8B',0),(507,'9C',0),(508,'10D',0),(508,'1A',0),(508,'3C',0),(508,'6F',0),(508,'7A',0),(508,'8B',0),(508,'9C',0),(509,'2B',0),(509,'3C',0),(509,'4D',0),(509,'5E',0),(509,'6F',0),(509,'7A',0),(509,'9C',0),(510,'2B',0),(510,'3C',0),(510,'4D',0),(511,'1A',0),(511,'5E',0),(511,'9C',0),(512,'10D',0),(512,'4D',0),(512,'6F',0),(512,'7A',0),(512,'8B',0),(512,'9C',0),(513,'10D',0),(513,'1A',0),(513,'2B',0),(513,'4D',0),(513,'5E',0),(513,'6F',0),(513,'8B',0),(513,'9C',0),(514,'10D',0),(514,'3C',0),(514,'7A',0),(515,'10D',0),(515,'1A',0),(515,'2B',0),(515,'4D',0),(515,'7A',0),(516,'10D',0),(516,'3C',0),(517,'10D',0),(517,'3C',0),(517,'4D',0),(517,'6F',0),(517,'7A',0),(517,'8B',0),(518,'3C',0),(518,'7A',0),(518,'8B',0),(519,'10D',0),(519,'1A',0),(519,'2B',0),(519,'3C',0),(519,'4D',0),(519,'5E',0),(519,'7A',0),(519,'9C',0),(520,'10D',0),(520,'1A',0),(520,'2B',0),(520,'3C',0),(520,'6F',0),(520,'9C',0),(521,'10D',0),(521,'1A',0),(521,'4D',0),(521,'6F',0),(521,'8B',0),(522,'10D',0),(522,'1A',0),(522,'3C',0),(522,'4D',0),(522,'5E',0),(522,'6F',0),(522,'9C',0),(523,'10D',0),(523,'2B',0),(523,'3C',0),(523,'4D',0),(523,'5E',0),(523,'6F',0),(523,'7A',0),(524,'10D',0),(524,'1A',0),(524,'2B',0),(524,'8B',0),(525,'1A',0),(525,'2B',0),(525,'4D',0),(525,'5E',0),(525,'7A',0),(526,'10D',0),(526,'2B',0),(526,'3C',0),(526,'4D',0),(526,'9C',0),(527,'2B',0),(527,'3C',0),(527,'5E',0),(527,'7A',0),(527,'9C',0),(528,'10D',0),(528,'1A',0),(528,'3C',0),(528,'6F',0),(528,'8B',0),(528,'9C',0),(529,'2B',0),(529,'4D',0),(529,'5E',0),(529,'6F',0),(529,'8B',0),(529,'9C',0),(530,'2B',0),(530,'4D',0),(530,'9C',0),(531,'1A',0),(531,'5E',0),(531,'8B',0),(532,'1A',0),(532,'9C',0),(533,'2B',0),(533,'4D',0),(533,'5E',0),(534,'2B',0),(534,'3C',0),(534,'7A',0),(534,'8B',0),(534,'9C',0),(535,'2B',0),(535,'5E',0),(535,'8B',0),(536,'10D',0),(536,'3C',0),(536,'4D',0),(536,'8B',0),(537,'10D',0),(537,'1A',0),(537,'2B',0),(537,'5E',0),(538,'1A',0),(538,'3C',0),(538,'4D',0),(538,'5E',0),(538,'7A',0),(538,'8B',0),(539,'4D',0),(539,'5E',0),(539,'9C',0),(540,'10D',0),(540,'2B',0),(540,'4D',0),(540,'5E',0),(540,'7A',0),(541,'1A',0),(541,'3C',0),(541,'4D',0),(541,'7A',0),(541,'9C',0),(542,'10D',0),(542,'1A',0),(542,'3C',0),(542,'5E',0),(542,'6F',0),(542,'8B',0),(542,'9C',0),(543,'10D',0),(543,'1A',0),(543,'2B',0),(543,'3C',0),(543,'6F',0),(543,'7A',0),(543,'8B',0),(544,'1A',0),(544,'2B',0),(544,'4D',0),(544,'5E',0),(544,'8B',0),(544,'9C',0),(545,'2B',0),(545,'3C',0),(545,'7A',0),(545,'9C',0),(546,'1A',0),(546,'2B',0),(546,'3C',0),(546,'5E',0),(546,'6F',0),(547,'10D',0),(547,'4D',0),(547,'6F',0),(547,'7A',0),(547,'9C',0),(548,'10D',0),(548,'3C',0),(548,'7A',0),(548,'9C',0),(549,'1A',0),(549,'2B',0),(549,'3C',0),(549,'5E',0),(549,'7A',0),(550,'10D',0),(550,'1A',0),(550,'2B',0),(550,'3C',0),(550,'4D',0),(550,'6F',0),(550,'8B',0),(550,'9C',0),(551,'5E',0),(551,'7A',0),(551,'9C',0),(552,'2B',0),(552,'3C',0),(552,'9C',0),(553,'1A',0),(553,'5E',0),(553,'8B',0),(554,'3C',0),(554,'4D',0),(554,'5E',0),(554,'6F',0),(554,'8B',0),(554,'9C',0),(555,'10D',0),(555,'2B',0),(555,'4D',0),(555,'6F',0),(555,'8B',0),(555,'9C',0),(556,'10D',0),(556,'2B',0),(556,'5E',0),(556,'6F',0),(556,'7A',0),(557,'10D',0),(557,'5E',0),(557,'6F',0),(557,'7A',0),(558,'1A',0),(558,'3C',0),(558,'4D',0),(558,'7A',0),(558,'8B',0),(559,'2B',0),(559,'3C',0),(559,'5E',0),(559,'8B',0),(560,'1A',0),(560,'4D',0),(560,'5E',0),(560,'6F',0),(560,'7A',0),(560,'8B',0),(560,'9C',0),(561,'10D',0),(561,'1A',0),(561,'2B',0),(561,'5E',0),(561,'7A',0),(561,'8B',0),(562,'1A',0),(562,'2B',0),(562,'4D',0),(562,'7A',0),(562,'9C',0),(563,'10D',0),(563,'4D',0),(563,'5E',0),(563,'6F',0),(563,'7A',0),(563,'8B',0),(564,'2B',0),(564,'3C',0),(564,'4D',0),(564,'5E',0),(564,'6F',0),(564,'9C',0),(565,'10D',0),(565,'3C',0),(565,'4D',0),(565,'5E',0),(565,'9C',0),(566,'1A',0),(566,'2B',0),(566,'4D',0),(567,'2B',0),(567,'3C',0),(567,'4D',0),(567,'5E',0),(567,'8B',0),(568,'1A',0),(568,'2B',0),(568,'3C',0),(568,'5E',0),(568,'6F',0),(568,'8B',0),(569,'10D',0),(569,'2B',0),(569,'3C',0),(569,'5E',0),(569,'6F',0),(569,'8B',0),(570,'10D',0),(570,'1A',0),(570,'3C',0),(570,'5E',0),(570,'8B',0),(571,'10D',0),(571,'4D',0),(571,'5E',0),(571,'9C',0),(572,'10D',0),(572,'3C',0),(572,'5E',0),(572,'9C',0),(573,'1A',0),(573,'3C',0),(573,'4D',0),(573,'5E',0),(574,'1A',0),(574,'2B',0),(574,'3C',0),(574,'6F',0),(575,'10D',0),(575,'2B',0),(575,'4D',0),(575,'6F',0),(576,'1A',0),(576,'2B',0),(576,'3C',0),(576,'5E',0),(576,'6F',0),(577,'10D',0),(577,'3C',0),(577,'4D',0),(577,'6F',0),(577,'7A',0),(577,'8B',0),(578,'1A',0),(578,'3C',0),(578,'4D',0),(578,'5E',0),(578,'6F',0),(578,'8B',0),(578,'9C',0),(579,'2B',0),(579,'4D',0),(579,'7A',0),(580,'10D',0),(580,'3C',0),(580,'4D',0),(580,'5E',0),(580,'6F',0),(580,'7A',0),(581,'10D',0),(581,'2B',0),(581,'3C',0),(581,'4D',0),(581,'6F',0),(581,'9C',0),(582,'2B',0),(582,'5E',0),(582,'7A',0),(582,'8B',0),(583,'10D',0),(583,'1A',0),(583,'2B',0),(583,'4D',0),(583,'7A',0),(583,'9C',0),(584,'3C',0),(584,'4D',0),(584,'5E',0),(584,'6F',0),(584,'8B',0),(585,'2B',0),(585,'7A',0),(585,'8B',0),(585,'9C',0),(586,'10D',0),(586,'2B',0),(586,'4D',0),(586,'5E',0),(586,'6F',0),(586,'7A',0),(586,'8B',0),(586,'9C',0),(587,'1A',0),(587,'2B',0),(587,'4D',0),(587,'6F',0),(588,'3C',0),(588,'4D',0),(588,'5E',0),(589,'2B',0),(589,'3C',0),(589,'5E',0),(589,'7A',0),(589,'8B',0),(590,'1A',0),(590,'3C',0),(590,'4D',0),(590,'6F',0),(590,'7A',0),(590,'8B',0),(591,'1A',0),(591,'6F',0),(591,'7A',0),(591,'8B',0),(591,'9C',0),(592,'10D',0),(592,'2B',0),(592,'4D',0),(592,'6F',0),(592,'8B',0),(593,'1A',0),(593,'2B',0),(593,'3C',0),(593,'4D',0),(593,'6F',0),(593,'9C',0),(594,'1A',0),(594,'2B',0),(594,'5E',0),(594,'7A',0),(594,'9C',0),(595,'10D',0),(595,'2B',0),(595,'4D',0),(595,'7A',0),(596,'10D',0),(596,'4D',0),(596,'6F',0),(596,'7A',0),(596,'8B',0),(596,'9C',0),(597,'2B',0),(597,'3C',0),(597,'6F',0),(597,'7A',0),(598,'10D',0),(598,'3C',0),(598,'5E',0),(598,'7A',0),(599,'10D',0),(599,'2B',0),(599,'3C',0),(599,'7A',0),(600,'10D',0),(600,'5E',0),(600,'6F',0),(600,'7A',0),(600,'8B',0),(600,'9C',0),(1,'6F',1),(1,'8B',1),(2,'4D',1),(2,'7A',1),(2,'9C',1),(3,'1A',1),(3,'3C',1),(3,'5E',1),(3,'6F',1),(3,'7A',1),(4,'10D',1),(4,'4D',1),(4,'6F',1),(4,'8B',1),(5,'1A',1),(5,'3C',1),(5,'4D',1),(5,'6F',1),(5,'9C',1),(6,'2B',1),(6,'3C',1),(6,'4D',1),(6,'9C',1),(7,'2B',1),(7,'3C',1),(7,'6F',1),(7,'7A',1),(8,'1A',1),(8,'3C',1),(8,'4D',1),(8,'5E',1),(8,'6F',1),(8,'7A',1),(8,'8B',1),(8,'9C',1),(9,'10D',1),(9,'3C',1),(9,'4D',1),(9,'5E',1),(9,'7A',1),(9,'8B',1),(9,'9C',1),(10,'1A',1),(10,'5E',1),(10,'6F',1),(10,'7A',1),(11,'2B',1),(11,'4D',1),(11,'6F',1),(11,'7A',1),(11,'8B',1),(12,'10D',1),(12,'2B',1),(12,'3C',1),(12,'5E',1),(12,'7A',1),(13,'4D',1),(13,'5E',1),(13,'6F',1),(13,'8B',1),(14,'2B',1),(14,'3C',1),(14,'8B',1),(15,'10D',1),(15,'2B',1),(15,'9C',1),(16,'2B',1),(16,'3C',1),(16,'4D',1),(16,'5E',1),(16,'8B',1),(16,'9C',1),(17,'2B',1),(17,'3C',1),(17,'4D',1),(17,'6F',1),(17,'8B',1),(17,'9C',1),(18,'2B',1),(18,'3C',1),(18,'4D',1),(18,'6F',1),(18,'7A',1),(19,'10D',1),(19,'2B',1),(19,'3C',1),(19,'4D',1),(19,'5E',1),(19,'7A',1),(19,'8B',1),(20,'1A',1),(20,'2B',1),(20,'3C',1),(20,'4D',1),(20,'8B',1),(21,'10D',1),(21,'2B',1),(21,'3C',1),(21,'4D',1),(21,'6F',1),(21,'7A',1),(22,'3C',1),(22,'4D',1),(22,'6F',1),(23,'10D',1),(23,'1A',1),(23,'2B',1),(23,'4D',1),(23,'6F',1),(23,'7A',1),(23,'9C',1),(24,'2B',1),(24,'5E',1),(24,'7A',1),(24,'9C',1),(25,'2B',1),(25,'7A',1),(26,'10D',1),(26,'3C',1),(26,'6F',1),(26,'8B',1),(26,'9C',1),(27,'10D',1),(27,'1A',1),(27,'3C',1),(27,'4D',1),(27,'8B',1),(27,'9C',1),(28,'10D',1),(28,'3C',1),(28,'4D',1),(28,'6F',1),(28,'8B',1),(28,'9C',1),(29,'10D',1),(29,'3C',1),(29,'4D',1),(29,'5E',1),(29,'6F',1),(29,'7A',1),(29,'8B',1),(30,'10D',1),(30,'1A',1),(30,'3C',1),(30,'4D',1),(30,'7A',1),(30,'8B',1),(31,'10D',1),(31,'5E',1),(31,'6F',1),(31,'8B',1),(32,'1A',1),(32,'3C',1),(32,'4D',1),(32,'6F',1),(32,'9C',1),(33,'10D',1),(33,'2B',1),(33,'3C',1),(33,'5E',1),(33,'6F',1),(33,'7A',1),(33,'8B',1),(33,'9C',1),(34,'10D',1),(34,'1A',1),(34,'3C',1),(34,'4D',1),(34,'5E',1),(34,'7A',1),(35,'10D',1),(35,'1A',1),(35,'2B',1),(35,'6F',1),(36,'10D',1),(36,'2B',1),(36,'3C',1),(36,'5E',1),(36,'6F',1),(36,'7A',1),(36,'8B',1),(37,'10D',1),(37,'1A',1),(37,'3C',1),(37,'4D',1),(37,'5E',1),(37,'6F',1),(38,'10D',1),(38,'1A',1),(38,'5E',1),(38,'7A',1),(38,'8B',1),(39,'10D',1),(39,'2B',1),(39,'3C',1),(39,'5E',1),(39,'6F',1),(39,'8B',1),(40,'10D',1),(40,'1A',1),(40,'2B',1),(40,'5E',1),(41,'1A',1),(41,'3C',1),(41,'4D',1),(41,'6F',1),(41,'8B',1),(41,'9C',1),(42,'2B',1),(42,'3C',1),(42,'4D',1),(42,'5E',1),(43,'7A',1),(43,'8B',1),(43,'9C',1),(44,'10D',1),(44,'2B',1),(44,'3C',1),(44,'7A',1),(44,'9C',1),(45,'2B',1),(45,'4D',1),(45,'7A',1),(45,'8B',1),(46,'10D',1),(46,'1A',1),(46,'6F',1),(46,'7A',1),(46,'9C',1),(47,'1A',1),(47,'2B',1),(47,'3C',1),(47,'4D',1),(47,'6F',1),(48,'1A',1),(48,'2B',1),(48,'4D',1),(48,'9C',1),(49,'10D',1),(49,'1A',1),(49,'3C',1),(49,'8B',1),(50,'1A',1),(50,'4D',1),(50,'6F',1),(50,'9C',1),(51,'2B',1),(51,'3C',1),(51,'4D',1),(51,'5E',1),(51,'7A',1),(51,'9C',1),(52,'4D',1),(52,'6F',1),(52,'9C',1),(53,'2B',1),(53,'5E',1),(53,'6F',1),(53,'8B',1),(53,'9C',1),(54,'1A',1),(54,'4D',1),(54,'5E',1),(54,'7A',1),(55,'1A',1),(55,'2B',1),(55,'3C',1),(55,'4D',1),(55,'5E',1),(55,'6F',1),(55,'7A',1),(55,'8B',1),(55,'9C',1),(56,'1A',1),(56,'2B',1),(56,'4D',1),(56,'5E',1),(56,'6F',1),(56,'7A',1),(56,'8B',1),(57,'1A',1),(57,'2B',1),(57,'3C',1),(57,'4D',1),(57,'6F',1),(57,'9C',1),(58,'1A',1),(58,'2B',1),(58,'8B',1),(59,'10D',1),(59,'3C',1),(59,'4D',1),(59,'6F',1),(59,'7A',1),(59,'9C',1),(60,'1A',1),(60,'2B',1),(60,'5E',1),(60,'6F',1),(60,'7A',1),(60,'9C',1),(61,'1A',1),(61,'6F',1),(61,'7A',1),(61,'8B',1),(62,'10D',1),(62,'2B',1),(62,'3C',1),(62,'4D',1),(62,'5E',1),(62,'6F',1),(62,'7A',1),(63,'2B',1),(63,'7A',1),(64,'10D',1),(64,'1A',1),(64,'6F',1),(64,'7A',1),(64,'8B',1),(65,'10D',1),(65,'1A',1),(65,'6F',1),(65,'7A',1),(65,'8B',1),(65,'9C',1),(66,'1A',1),(66,'2B',1),(66,'3C',1),(66,'4D',1),(66,'6F',1),(66,'7A',1),(67,'10D',1),(67,'1A',1),(67,'2B',1),(67,'3C',1),(67,'5E',1),(67,'7A',1),(67,'8B',1),(68,'4D',1),(68,'6F',1),(68,'8B',1),(68,'9C',1),(69,'10D',1),(69,'1A',1),(69,'2B',1),(69,'3C',1),(69,'4D',1),(69,'5E',1),(69,'8B',1),(70,'2B',1),(70,'5E',1),(70,'6F',1),(70,'8B',1),(71,'3C',1),(71,'5E',1),(71,'8B',1),(72,'2B',1),(72,'3C',1),(73,'10D',1),(73,'2B',1),(73,'3C',1),(73,'5E',1),(73,'7A',1),(73,'8B',1),(74,'10D',1),(74,'1A',1),(74,'3C',1),(74,'4D',1),(74,'6F',1),(74,'7A',1),(74,'9C',1),(75,'1A',1),(75,'2B',1),(75,'4D',1),(75,'5E',1),(75,'9C',1),(76,'1A',1),(76,'5E',1),(76,'6F',1),(76,'8B',1),(77,'10D',1),(77,'3C',1),(77,'4D',1),(77,'6F',1),(77,'7A',1),(78,'10D',1),(78,'1A',1),(78,'2B',1),(78,'5E',1),(78,'6F',1),(78,'7A',1),(78,'8B',1),(78,'9C',1),(79,'10D',1),(79,'2B',1),(79,'3C',1),(79,'4D',1),(79,'5E',1),(79,'6F',1),(79,'8B',1),(79,'9C',1),(80,'2B',1),(80,'3C',1),(80,'4D',1),(80,'5E',1),(80,'6F',1),(80,'7A',1),(81,'2B',1),(81,'7A',1),(82,'10D',1),(82,'4D',1),(82,'5E',1),(82,'9C',1),(83,'10D',1),(83,'1A',1),(83,'2B',1),(83,'3C',1),(83,'5E',1),(83,'6F',1),(83,'7A',1),(83,'8B',1),(84,'3C',1),(84,'4D',1),(84,'5E',1),(84,'7A',1),(84,'8B',1),(84,'9C',1),(85,'1A',1),(85,'3C',1),(85,'5E',1),(85,'6F',1),(86,'10D',1),(86,'1A',1),(86,'4D',1),(86,'5E',1),(86,'7A',1),(86,'9C',1),(87,'2B',1),(87,'3C',1),(87,'5E',1),(87,'6F',1),(87,'7A',1),(87,'8B',1),(88,'1A',1),(88,'3C',1),(88,'4D',1),(88,'5E',1),(88,'7A',1),(88,'8B',1),(88,'9C',1),(89,'1A',1),(89,'2B',1),(89,'5E',1),(89,'6F',1),(89,'9C',1),(90,'1A',1),(90,'4D',1),(90,'5E',1),(90,'8B',1),(90,'9C',1),(91,'10D',1),(91,'3C',1),(91,'4D',1),(91,'5E',1),(91,'6F',1),(91,'9C',1),(92,'1A',1),(92,'2B',1),(92,'5E',1),(92,'7A',1),(92,'8B',1),(92,'9C',1),(93,'10D',1),(93,'1A',1),(93,'3C',1),(93,'4D',1),(93,'5E',1),(93,'8B',1),(94,'3C',1),(94,'6F',1),(94,'7A',1),(95,'10D',1),(95,'1A',1),(95,'3C',1),(95,'6F',1),(95,'9C',1),(96,'2B',1),(96,'3C',1),(96,'7A',1),(97,'1A',1),(97,'2B',1),(97,'3C',1),(97,'4D',1),(97,'6F',1),(97,'9C',1),(98,'10D',1),(98,'3C',1),(98,'4D',1),(98,'6F',1),(99,'10D',1),(99,'2B',1),(99,'9C',1),(100,'10D',1),(100,'3C',1),(100,'5E',1),(100,'7A',1),(100,'8B',1),(100,'9C',1),(101,'1A',1),(101,'3C',1),(101,'4D',1),(101,'9C',1),(102,'10D',1),(102,'3C',1),(102,'8B',1),(103,'3C',1),(103,'5E',1),(103,'6F',1),(103,'8B',1),(103,'9C',1),(104,'10D',1),(104,'3C',1),(104,'8B',1),(105,'10D',1),(105,'3C',1),(105,'4D',1),(105,'5E',1),(105,'6F',1),(105,'7A',1),(106,'1A',1),(106,'2B',1),(106,'3C',1),(106,'4D',1),(106,'5E',1),(106,'9C',1),(107,'10D',1),(107,'1A',1),(107,'2B',1),(107,'3C',1),(107,'4D',1),(107,'7A',1),(107,'9C',1),(108,'5E',1),(108,'6F',1),(108,'7A',1),(108,'9C',1),(109,'1A',1),(109,'2B',1),(109,'3C',1),(109,'5E',1),(109,'7A',1),(109,'8B',1),(110,'2B',1),(110,'3C',1),(110,'5E',1),(110,'8B',1),(111,'2B',1),(111,'3C',1),(111,'4D',1),(111,'7A',1),(111,'9C',1),(112,'10D',1),(112,'5E',1),(112,'6F',1),(112,'7A',1),(112,'9C',1),(113,'1A',1),(113,'6F',1),(113,'7A',1),(113,'8B',1),(114,'1A',1),(114,'3C',1),(114,'4D',1),(114,'5E',1),(114,'6F',1),(114,'9C',1),(115,'1A',1),(115,'3C',1),(115,'4D',1),(115,'5E',1),(115,'6F',1),(115,'7A',1),(116,'2B',1),(116,'8B',1),(116,'9C',1),(117,'10D',1),(117,'2B',1),(117,'4D',1),(117,'8B',1),(117,'9C',1),(118,'6F',1),(118,'8B',1),(119,'3C',1),(119,'5E',1),(119,'6F',1),(119,'7A',1),(120,'1A',1),(120,'3C',1),(120,'7A',1),(120,'8B',1),(121,'10D',1),(121,'2B',1),(121,'3C',1),(121,'4D',1),(121,'5E',1),(121,'8B',1),(121,'9C',1),(122,'10D',1),(122,'2B',1),(122,'6F',1),(122,'8B',1),(122,'9C',1),(123,'2B',1),(123,'5E',1),(123,'6F',1),(123,'7A',1),(123,'8B',1),(123,'9C',1),(124,'1A',1),(124,'2B',1),(124,'4D',1),(124,'6F',1),(124,'7A',1),(125,'3C',1),(125,'7A',1),(125,'8B',1),(125,'9C',1),(126,'10D',1),(126,'1A',1),(126,'4D',1),(126,'5E',1),(126,'6F',1),(126,'8B',1),(126,'9C',1),(127,'10D',1),(127,'1A',1),(127,'5E',1),(127,'6F',1),(127,'8B',1),(128,'1A',1),(128,'2B',1),(128,'3C',1),(128,'4D',1),(128,'7A',1),(128,'8B',1),(128,'9C',1),(129,'1A',1),(129,'2B',1),(129,'4D',1),(129,'7A',1),(130,'4D',1),(130,'6F',1),(130,'7A',1),(130,'9C',1),(131,'1A',1),(131,'3C',1),(131,'5E',1),(132,'10D',1),(132,'1A',1),(132,'2B',1),(132,'3C',1),(132,'4D',1),(132,'7A',1),(132,'8B',1),(133,'10D',1),(133,'2B',1),(133,'3C',1),(133,'5E',1),(133,'7A',1),(133,'8B',1),(134,'3C',1),(134,'5E',1),(134,'7A',1),(134,'8B',1),(135,'10D',1),(135,'1A',1),(135,'2B',1),(135,'4D',1),(135,'5E',1),(135,'6F',1),(135,'7A',1),(135,'9C',1),(136,'10D',1),(136,'1A',1),(136,'2B',1),(136,'9C',1),(137,'10D',1),(137,'1A',1),(137,'3C',1),(137,'4D',1),(137,'6F',1),(137,'8B',1),(138,'1A',1),(138,'2B',1),(138,'3C',1),(138,'7A',1),(138,'8B',1),(139,'10D',1),(139,'3C',1),(139,'5E',1),(139,'6F',1),(139,'7A',1),(139,'8B',1),(140,'10D',1),(140,'2B',1),(140,'3C',1),(140,'8B',1),(141,'6F',1),(141,'7A',1),(142,'10D',1),(142,'3C',1),(142,'5E',1),(142,'7A',1),(142,'9C',1),(143,'10D',1),(143,'3C',1),(143,'5E',1),(143,'6F',1),(143,'7A',1),(143,'8B',1),(144,'2B',1),(144,'3C',1),(144,'6F',1),(145,'1A',1),(145,'5E',1),(145,'6F',1),(145,'7A',1),(146,'10D',1),(146,'1A',1),(146,'2B',1),(146,'4D',1),(146,'8B',1),(147,'1A',1),(147,'5E',1),(147,'6F',1),(147,'8B',1),(148,'2B',1),(148,'3C',1),(148,'4D',1),(148,'6F',1),(148,'7A',1),(148,'9C',1),(149,'1A',1),(149,'2B',1),(149,'4D',1),(149,'6F',1),(149,'7A',1),(149,'8B',1),(150,'8B',1),(151,'10D',1),(151,'2B',1),(151,'4D',1),(151,'7A',1),(151,'8B',1),(151,'9C',1),(152,'10D',1),(152,'4D',1),(152,'5E',1),(152,'7A',1),(152,'8B',1),(153,'10D',1),(153,'2B',1),(153,'5E',1),(153,'7A',1),(153,'8B',1),(154,'1A',1),(154,'4D',1),(154,'5E',1),(154,'6F',1),(154,'7A',1),(154,'8B',1),(155,'1A',1),(155,'5E',1),(155,'6F',1),(155,'7A',1),(155,'8B',1),(156,'10D',1),(156,'1A',1),(156,'2B',1),(156,'3C',1),(156,'5E',1),(156,'7A',1),(156,'9C',1),(157,'1A',1),(157,'3C',1),(157,'7A',1),(158,'1A',1),(158,'3C',1),(158,'5E',1),(158,'7A',1),(158,'8B',1),(159,'10D',1),(159,'1A',1),(159,'2B',1),(159,'3C',1),(159,'6F',1),(159,'7A',1),(160,'2B',1),(160,'4D',1),(160,'7A',1),(161,'10D',1),(161,'4D',1),(161,'5E',1),(161,'6F',1),(161,'8B',1),(161,'9C',1),(162,'10D',1),(162,'2B',1),(162,'3C',1),(162,'8B',1),(163,'10D',1),(163,'2B',1),(163,'3C',1),(163,'6F',1),(164,'10D',1),(164,'1A',1),(164,'4D',1),(164,'6F',1),(164,'9C',1),(165,'10D',1),(165,'2B',1),(165,'6F',1),(165,'7A',1),(165,'9C',1),(166,'10D',1),(166,'3C',1),(166,'6F',1),(166,'7A',1),(166,'8B',1),(167,'1A',1),(167,'4D',1),(167,'5E',1),(167,'6F',1),(167,'7A',1),(168,'10D',1),(168,'2B',1),(168,'3C',1),(168,'5E',1),(168,'7A',1),(169,'1A',1),(169,'3C',1),(169,'6F',1),(169,'7A',1),(169,'8B',1),(169,'9C',1),(170,'10D',1),(170,'3C',1),(170,'4D',1),(170,'7A',1),(171,'10D',1),(171,'1A',1),(171,'4D',1),(171,'5E',1),(171,'8B',1),(171,'9C',1),(172,'10D',1),(172,'2B',1),(172,'5E',1),(173,'10D',1),(173,'1A',1),(173,'2B',1),(173,'6F',1),(173,'7A',1),(173,'9C',1),(174,'1A',1),(174,'2B',1),(174,'3C',1),(174,'4D',1),(174,'5E',1),(174,'7A',1),(174,'9C',1),(175,'4D',1),(175,'6F',1),(175,'7A',1),(175,'8B',1),(176,'10D',1),(176,'4D',1),(176,'5E',1),(176,'6F',1),(176,'7A',1),(176,'8B',1),(176,'9C',1),(177,'3C',1),(177,'4D',1),(177,'6F',1),(177,'8B',1),(178,'10D',1),(178,'3C',1),(178,'4D',1),(178,'6F',1),(178,'8B',1),(179,'10D',1),(179,'3C',1),(179,'5E',1),(179,'6F',1),(179,'7A',1),(179,'8B',1),(180,'10D',1),(180,'2B',1),(180,'5E',1),(180,'7A',1),(180,'8B',1),(180,'9C',1),(181,'2B',1),(181,'3C',1),(181,'5E',1),(181,'7A',1),(181,'8B',1),(181,'9C',1),(182,'10D',1),(182,'6F',1),(182,'7A',1),(183,'10D',1),(183,'1A',1),(183,'3C',1),(183,'7A',1),(184,'10D',1),(184,'2B',1),(184,'5E',1),(184,'9C',1),(185,'10D',1),(185,'1A',1),(185,'2B',1),(185,'7A',1),(186,'4D',1),(186,'6F',1),(186,'7A',1),(186,'8B',1),(187,'1A',1),(187,'3C',1),(187,'5E',1),(187,'7A',1),(187,'8B',1),(187,'9C',1),(188,'10D',1),(188,'4D',1),(188,'7A',1),(188,'9C',1),(189,'1A',1),(189,'2B',1),(189,'3C',1),(189,'5E',1),(189,'6F',1),(189,'9C',1),(190,'10D',1),(190,'1A',1),(190,'2B',1),(190,'3C',1),(190,'5E',1),(190,'7A',1),(191,'10D',1),(191,'1A',1),(191,'2B',1),(191,'4D',1),(191,'5E',1),(191,'6F',1),(191,'7A',1),(191,'9C',1),(192,'10D',1),(192,'2B',1),(192,'4D',1),(192,'7A',1),(192,'8B',1),(193,'10D',1),(193,'1A',1),(193,'2B',1),(193,'3C',1),(193,'4D',1),(193,'6F',1),(194,'10D',1),(194,'2B',1),(194,'3C',1),(194,'4D',1),(194,'7A',1),(194,'8B',1),(195,'4D',1),(195,'6F',1),(195,'8B',1),(196,'4D',1),(196,'5E',1),(196,'6F',1),(196,'7A',1),(196,'8B',1),(196,'9C',1),(197,'1A',1),(197,'4D',1),(198,'10D',1),(198,'1A',1),(198,'2B',1),(198,'3C',1),(198,'4D',1),(198,'5E',1),(198,'7A',1),(199,'10D',1),(199,'1A',1),(199,'2B',1),(199,'3C',1),(199,'6F',1),(199,'7A',1),(200,'10D',1),(200,'2B',1),(200,'3C',1),(200,'5E',1),(200,'7A',1),(200,'9C',1),(201,'1A',1),(201,'3C',1),(201,'5E',1),(201,'8B',1),(202,'10D',1),(202,'5E',1),(202,'6F',1),(202,'8B',1),(202,'9C',1),(203,'2B',1),(203,'5E',1),(203,'9C',1),(204,'10D',1),(204,'1A',1),(204,'3C',1),(204,'4D',1),(204,'6F',1),(204,'7A',1),(204,'8B',1),(205,'2B',1),(205,'3C',1),(205,'4D',1),(205,'5E',1),(205,'6F',1),(205,'7A',1),(205,'8B',1),(206,'10D',1),(206,'5E',1),(206,'6F',1),(206,'7A',1),(206,'8B',1),(206,'9C',1),(207,'3C',1),(207,'4D',1),(207,'5E',1),(207,'7A',1),(207,'8B',1),(207,'9C',1),(208,'10D',1),(208,'1A',1),(208,'2B',1),(208,'3C',1),(208,'6F',1),(208,'8B',1),(208,'9C',1),(209,'1A',1),(209,'4D',1),(209,'5E',1),(209,'8B',1),(209,'9C',1),(210,'10D',1),(210,'2B',1),(210,'4D',1),(210,'5E',1),(210,'7A',1),(210,'8B',1),(211,'1A',1),(211,'5E',1),(211,'6F',1),(212,'10D',1),(212,'3C',1),(212,'4D',1),(212,'5E',1),(212,'6F',1),(212,'9C',1),(213,'10D',1),(213,'2B',1),(213,'3C',1),(213,'4D',1),(213,'6F',1),(213,'9C',1),(214,'1A',1),(214,'3C',1),(214,'4D',1),(214,'6F',1),(214,'7A',1),(215,'10D',1),(215,'4D',1),(215,'6F',1),(215,'7A',1),(215,'8B',1),(215,'9C',1),(216,'2B',1),(216,'4D',1),(216,'5E',1),(216,'6F',1),(216,'8B',1),(217,'1A',1),(217,'7A',1),(217,'8B',1),(218,'1A',1),(218,'4D',1),(218,'5E',1),(219,'10D',1),(219,'1A',1),(219,'3C',1),(219,'8B',1),(220,'10D',1),(220,'1A',1),(220,'2B',1),(220,'3C',1),(220,'4D',1),(220,'8B',1),(221,'1A',1),(221,'2B',1),(221,'4D',1),(221,'6F',1),(222,'10D',1),(222,'2B',1),(222,'6F',1),(222,'8B',1),(222,'9C',1),(223,'10D',1),(223,'4D',1),(223,'5E',1),(223,'7A',1),(223,'8B',1),(224,'2B',1),(224,'5E',1),(224,'6F',1),(225,'10D',1),(225,'1A',1),(225,'3C',1),(225,'5E',1),(225,'7A',1),(225,'9C',1),(226,'10D',1),(226,'1A',1),(226,'3C',1),(226,'5E',1),(226,'8B',1),(226,'9C',1),(227,'10D',1),(227,'1A',1),(227,'3C',1),(227,'4D',1),(227,'6F',1),(227,'7A',1),(227,'8B',1),(227,'9C',1),(228,'10D',1),(228,'1A',1),(228,'2B',1),(228,'4D',1),(228,'7A',1),(228,'8B',1),(229,'10D',1),(229,'1A',1),(229,'3C',1),(229,'4D',1),(229,'6F',1),(229,'8B',1),(229,'9C',1),(230,'1A',1),(230,'2B',1),(230,'3C',1),(230,'4D',1),(230,'8B',1),(230,'9C',1),(231,'10D',1),(231,'2B',1),(231,'3C',1),(231,'5E',1),(231,'7A',1),(231,'9C',1),(232,'10D',1),(232,'2B',1),(232,'3C',1),(232,'4D',1),(232,'6F',1),(232,'7A',1),(233,'4D',1),(233,'6F',1),(233,'7A',1),(233,'8B',1),(234,'2B',1),(234,'4D',1),(234,'5E',1),(234,'6F',1),(234,'7A',1),(235,'1A',1),(235,'2B',1),(235,'6F',1),(235,'7A',1),(235,'9C',1),(236,'2B',1),(236,'3C',1),(236,'4D',1),(236,'5E',1),(236,'6F',1),(236,'9C',1),(237,'2B',1),(237,'4D',1),(237,'6F',1),(237,'7A',1),(237,'8B',1),(238,'1A',1),(238,'2B',1),(238,'3C',1),(238,'4D',1),(238,'5E',1),(238,'6F',1),(238,'7A',1),(238,'9C',1),(239,'10D',1),(239,'1A',1),(239,'3C',1),(239,'4D',1),(239,'7A',1),(239,'8B',1),(240,'4D',1),(240,'5E',1),(240,'6F',1),(240,'7A',1),(241,'10D',1),(241,'2B',1),(241,'4D',1),(241,'5E',1),(241,'9C',1),(242,'10D',1),(242,'1A',1),(242,'3C',1),(242,'4D',1),(242,'7A',1),(242,'8B',1),(243,'1A',1),(243,'3C',1),(243,'5E',1),(243,'7A',1),(243,'9C',1),(244,'3C',1),(244,'4D',1),(244,'5E',1),(244,'7A',1),(244,'8B',1),(244,'9C',1),(245,'10D',1),(245,'2B',1),(245,'5E',1),(245,'6F',1),(245,'9C',1),(246,'2B',1),(246,'7A',1),(246,'9C',1),(247,'10D',1),(247,'2B',1),(247,'3C',1),(247,'5E',1),(247,'6F',1),(247,'7A',1),(248,'3C',1),(248,'5E',1),(248,'7A',1),(248,'9C',1),(249,'3C',1),(249,'4D',1),(249,'5E',1),(249,'7A',1),(249,'9C',1),(250,'10D',1),(250,'2B',1),(250,'4D',1),(250,'5E',1),(250,'7A',1),(250,'8B',1),(250,'9C',1),(251,'10D',1),(251,'1A',1),(251,'6F',1),(251,'9C',1),(252,'2B',1),(252,'4D',1),(252,'6F',1),(252,'9C',1),(253,'2B',1),(253,'4D',1),(253,'7A',1),(253,'9C',1),(254,'10D',1),(254,'2B',1),(254,'4D',1),(254,'9C',1),(255,'10D',1),(255,'1A',1),(255,'3C',1),(255,'4D',1),(255,'6F',1),(255,'7A',1),(255,'8B',1),(256,'10D',1),(256,'4D',1),(256,'5E',1),(256,'6F',1),(256,'7A',1),(256,'8B',1),(256,'9C',1),(257,'1A',1),(257,'4D',1),(257,'5E',1),(257,'9C',1),(258,'10D',1),(258,'1A',1),(258,'2B',1),(258,'3C',1),(258,'5E',1),(258,'6F',1),(258,'7A',1),(258,'8B',1),(258,'9C',1),(259,'2B',1),(259,'3C',1),(259,'6F',1),(259,'7A',1),(260,'4D',1),(261,'4D',1),(261,'5E',1),(261,'7A',1),(261,'8B',1),(261,'9C',1),(262,'10D',1),(262,'1A',1),(262,'2B',1),(262,'3C',1),(262,'4D',1),(262,'6F',1),(262,'7A',1),(262,'9C',1),(263,'3C',1),(263,'5E',1),(263,'6F',1),(263,'7A',1),(264,'10D',1),(264,'2B',1),(264,'3C',1),(264,'4D',1),(264,'5E',1),(264,'6F',1),(264,'9C',1),(265,'2B',1),(265,'3C',1),(265,'5E',1),(265,'6F',1),(266,'10D',1),(266,'1A',1),(266,'2B',1),(266,'3C',1),(266,'6F',1),(266,'7A',1),(266,'8B',1),(267,'2B',1),(267,'5E',1),(267,'7A',1),(267,'8B',1),(268,'1A',1),(268,'4D',1),(268,'5E',1),(268,'9C',1),(269,'10D',1),(269,'4D',1),(269,'6F',1),(269,'8B',1),(270,'4D',1),(270,'5E',1),(270,'7A',1),(270,'8B',1),(271,'1A',1),(271,'2B',1),(271,'4D',1),(271,'7A',1),(271,'9C',1),(272,'10D',1),(272,'3C',1),(272,'7A',1),(272,'9C',1),(273,'2B',1),(273,'4D',1),(273,'5E',1),(273,'7A',1),(273,'8B',1),(273,'9C',1),(274,'1A',1),(274,'2B',1),(274,'3C',1),(274,'5E',1),(274,'9C',1),(275,'3C',1),(275,'6F',1),(275,'9C',1),(276,'1A',1),(276,'3C',1),(276,'6F',1),(276,'7A',1),(277,'1A',1),(277,'3C',1),(277,'5E',1),(277,'7A',1),(278,'10D',1),(278,'1A',1),(278,'3C',1),(278,'4D',1),(278,'5E',1),(278,'6F',1),(279,'1A',1),(279,'2B',1),(279,'3C',1),(279,'4D',1),(279,'7A',1),(279,'9C',1),(280,'10D',1),(280,'4D',1),(280,'5E',1),(280,'7A',1),(280,'8B',1),(281,'10D',1),(281,'6F',1),(281,'7A',1),(281,'8B',1),(282,'10D',1),(282,'3C',1),(282,'5E',1),(282,'6F',1),(282,'7A',1),(282,'8B',1),(283,'1A',1),(283,'2B',1),(283,'3C',1),(283,'5E',1),(283,'7A',1),(283,'8B',1),(283,'9C',1),(284,'10D',1),(284,'1A',1),(284,'2B',1),(284,'3C',1),(284,'4D',1),(284,'6F',1),(285,'2B',1),(285,'4D',1),(285,'7A',1),(285,'8B',1),(285,'9C',1),(286,'3C',1),(286,'4D',1),(286,'7A',1),(286,'8B',1),(286,'9C',1),(287,'1A',1),(287,'3C',1),(287,'5E',1),(287,'6F',1),(288,'1A',1),(288,'4D',1),(288,'7A',1),(288,'8B',1),(289,'3C',1),(289,'4D',1),(289,'6F',1),(289,'7A',1),(289,'8B',1),(290,'10D',1),(290,'3C',1),(290,'6F',1),(290,'7A',1),(290,'8B',1),(290,'9C',1),(291,'1A',1),(291,'2B',1),(291,'4D',1),(291,'5E',1),(291,'6F',1),(291,'8B',1),(292,'10D',1),(292,'2B',1),(292,'4D',1),(292,'9C',1),(293,'10D',1),(293,'1A',1),(293,'8B',1),(294,'10D',1),(294,'1A',1),(294,'2B',1),(294,'4D',1),(294,'6F',1),(294,'7A',1),(295,'3C',1),(295,'4D',1),(295,'7A',1),(295,'9C',1),(296,'10D',1),(296,'3C',1),(296,'4D',1),(296,'5E',1),(296,'6F',1),(296,'7A',1),(297,'1A',1),(297,'3C',1),(297,'4D',1),(297,'7A',1),(298,'1A',1),(298,'3C',1),(298,'4D',1),(298,'5E',1),(298,'6F',1),(298,'9C',1),(299,'10D',1),(299,'3C',1),(299,'5E',1),(299,'7A',1),(299,'8B',1),(300,'10D',1),(300,'1A',1),(300,'2B',1),(300,'3C',1),(300,'5E',1),(300,'6F',1),(300,'7A',1),(301,'10D',1),(301,'1A',1),(301,'5E',1),(301,'6F',1),(301,'7A',1),(301,'9C',1),(302,'10D',1),(302,'1A',1),(302,'2B',1),(302,'4D',1),(302,'5E',1),(302,'7A',1),(302,'8B',1),(303,'2B',1),(303,'3C',1),(303,'5E',1),(303,'6F',1),(303,'9C',1),(304,'10D',1),(304,'2B',1),(304,'3C',1),(304,'5E',1),(304,'9C',1),(305,'10D',1),(305,'1A',1),(305,'5E',1),(305,'7A',1),(305,'8B',1),(306,'10D',1),(306,'1A',1),(306,'2B',1),(306,'5E',1),(306,'8B',1),(307,'10D',1),(307,'1A',1),(307,'2B',1),(307,'3C',1),(307,'4D',1),(307,'5E',1),(308,'10D',1),(308,'5E',1),(308,'7A',1),(309,'10D',1),(309,'1A',1),(309,'2B',1),(309,'3C',1),(309,'4D',1),(309,'5E',1),(310,'2B',1),(310,'3C',1),(310,'4D',1),(310,'7A',1),(311,'1A',1),(311,'2B',1),(311,'4D',1),(311,'5E',1),(311,'8B',1),(311,'9C',1),(312,'1A',1),(312,'2B',1),(312,'3C',1),(312,'8B',1),(313,'10D',1),(313,'2B',1),(313,'3C',1),(313,'7A',1),(313,'8B',1),(313,'9C',1),(314,'2B',1),(314,'3C',1),(314,'8B',1),(314,'9C',1),(315,'2B',1),(315,'3C',1),(315,'4D',1),(315,'9C',1),(316,'10D',1),(316,'6F',1),(316,'7A',1),(316,'8B',1),(316,'9C',1),(317,'10D',1),(317,'1A',1),(317,'2B',1),(317,'4D',1),(317,'6F',1),(317,'8B',1),(317,'9C',1),(318,'4D',1),(318,'7A',1),(318,'8B',1),(319,'3C',1),(319,'6F',1),(319,'7A',1),(319,'8B',1),(320,'10D',1),(320,'2B',1),(320,'3C',1),(320,'4D',1),(320,'5E',1),(320,'8B',1),(321,'3C',1),(321,'8B',1),(322,'2B',1),(322,'3C',1),(322,'4D',1),(322,'5E',1),(322,'8B',1),(322,'9C',1),(323,'1A',1),(323,'3C',1),(323,'4D',1),(323,'5E',1),(323,'9C',1),(324,'10D',1),(324,'1A',1),(324,'5E',1),(324,'7A',1),(325,'10D',1),(325,'1A',1),(325,'2B',1),(325,'3C',1),(325,'5E',1),(325,'7A',1),(325,'9C',1),(326,'1A',1),(326,'3C',1),(326,'5E',1),(326,'7A',1),(326,'8B',1),(326,'9C',1),(327,'10D',1),(327,'3C',1),(327,'5E',1),(327,'6F',1),(327,'9C',1),(328,'10D',1),(328,'1A',1),(328,'3C',1),(328,'7A',1),(329,'1A',1),(329,'2B',1),(329,'3C',1),(329,'6F',1),(330,'10D',1),(330,'1A',1),(330,'3C',1),(330,'8B',1),(330,'9C',1),(331,'1A',1),(331,'4D',1),(331,'5E',1),(331,'8B',1),(331,'9C',1),(332,'2B',1),(332,'5E',1),(332,'7A',1),(332,'8B',1),(333,'2B',1),(333,'4D',1),(334,'10D',1),(334,'2B',1),(334,'5E',1),(334,'6F',1),(334,'7A',1),(334,'8B',1),(335,'10D',1),(335,'2B',1),(335,'7A',1),(335,'8B',1),(336,'10D',1),(336,'1A',1),(336,'2B',1),(336,'3C',1),(336,'4D',1),(336,'5E',1),(336,'6F',1),(337,'10D',1),(337,'1A',1),(337,'2B',1),(337,'3C',1),(337,'5E',1),(337,'8B',1),(338,'10D',1),(338,'2B',1),(338,'3C',1),(338,'4D',1),(338,'6F',1),(338,'9C',1),(339,'7A',1),(339,'8B',1),(339,'9C',1),(340,'5E',1),(340,'6F',1),(340,'7A',1),(341,'2B',1),(341,'3C',1),(341,'6F',1),(341,'7A',1),(341,'8B',1),(341,'9C',1),(342,'10D',1),(342,'1A',1),(342,'3C',1),(342,'6F',1),(342,'9C',1),(343,'10D',1),(343,'3C',1),(343,'5E',1),(343,'6F',1),(343,'8B',1),(343,'9C',1),(344,'2B',1),(344,'4D',1),(344,'6F',1),(345,'10D',1),(345,'5E',1),(345,'6F',1),(345,'9C',1),(346,'1A',1),(346,'3C',1),(346,'9C',1),(347,'10D',1),(347,'1A',1),(347,'2B',1),(347,'4D',1),(347,'9C',1),(348,'1A',1),(348,'3C',1),(348,'4D',1),(348,'6F',1),(348,'9C',1),(349,'10D',1),(349,'1A',1),(349,'2B',1),(349,'3C',1),(349,'5E',1),(349,'7A',1),(349,'9C',1),(350,'1A',1),(350,'5E',1),(350,'6F',1),(351,'4D',1),(351,'6F',1),(351,'7A',1),(352,'2B',1),(352,'4D',1),(352,'5E',1),(352,'6F',1),(352,'7A',1),(352,'8B',1),(353,'1A',1),(353,'4D',1),(353,'5E',1),(353,'7A',1),(354,'10D',1),(354,'2B',1),(354,'3C',1),(354,'7A',1),(355,'10D',1),(355,'1A',1),(355,'4D',1),(355,'5E',1),(355,'6F',1),(355,'7A',1),(355,'8B',1),(356,'4D',1),(356,'6F',1),(356,'8B',1),(357,'1A',1),(357,'2B',1),(357,'4D',1),(357,'5E',1),(357,'6F',1),(357,'9C',1),(358,'10D',1),(358,'1A',1),(358,'3C',1),(358,'5E',1),(358,'6F',1),(358,'8B',1),(358,'9C',1),(359,'10D',1),(359,'4D',1),(359,'5E',1),(359,'7A',1),(359,'8B',1),(360,'2B',1),(360,'4D',1),(360,'6F',1),(360,'8B',1),(361,'2B',1),(361,'4D',1),(361,'5E',1),(361,'6F',1),(361,'8B',1),(361,'9C',1),(362,'2B',1),(362,'6F',1),(362,'7A',1),(362,'8B',1),(363,'10D',1),(363,'1A',1),(363,'2B',1),(363,'3C',1),(363,'7A',1),(363,'9C',1),(364,'10D',1),(364,'1A',1),(365,'1A',1),(365,'2B',1),(365,'3C',1),(365,'4D',1),(365,'7A',1),(366,'4D',1),(366,'7A',1),(366,'9C',1),(367,'2B',1),(367,'6F',1),(367,'7A',1),(367,'9C',1),(368,'10D',1),(368,'2B',1),(368,'4D',1),(368,'6F',1),(368,'9C',1),(369,'2B',1),(369,'5E',1),(369,'6F',1),(369,'8B',1),(369,'9C',1),(370,'10D',1),(370,'3C',1),(370,'6F',1),(371,'1A',1),(371,'3C',1),(371,'4D',1),(371,'5E',1),(371,'7A',1),(371,'9C',1),(372,'1A',1),(372,'2B',1),(372,'3C',1),(372,'4D',1),(372,'7A',1),(372,'8B',1),(372,'9C',1),(373,'3C',1),(373,'4D',1),(373,'5E',1),(373,'6F',1),(373,'8B',1),(374,'1A',1),(374,'2B',1),(374,'3C',1),(374,'6F',1),(374,'7A',1),(374,'8B',1),(374,'9C',1),(375,'10D',1),(375,'2B',1),(375,'4D',1),(375,'6F',1),(376,'10D',1),(376,'2B',1),(376,'4D',1),(376,'7A',1),(376,'9C',1),(377,'1A',1),(377,'2B',1),(377,'3C',1),(377,'4D',1),(377,'8B',1),(378,'1A',1),(378,'3C',1),(378,'4D',1),(378,'6F',1),(378,'7A',1),(378,'8B',1),(379,'2B',1),(379,'5E',1),(379,'6F',1),(379,'8B',1),(380,'10D',1),(380,'8B',1),(381,'1A',1),(381,'2B',1),(381,'5E',1),(381,'7A',1),(381,'9C',1),(382,'3C',1),(382,'6F',1),(382,'7A',1),(383,'10D',1),(383,'1A',1),(383,'2B',1),(383,'3C',1),(383,'4D',1),(383,'6F',1),(383,'7A',1),(383,'9C',1),(384,'10D',1),(384,'4D',1),(384,'6F',1),(384,'7A',1),(384,'9C',1),(385,'10D',1),(385,'5E',1),(385,'8B',1),(386,'1A',1),(386,'5E',1),(386,'6F',1),(386,'7A',1),(386,'9C',1),(387,'2B',1),(387,'4D',1),(387,'7A',1),(387,'8B',1),(388,'1A',1),(388,'4D',1),(388,'6F',1),(388,'7A',1),(388,'8B',1),(389,'10D',1),(389,'1A',1),(389,'2B',1),(389,'3C',1),(389,'6F',1),(390,'10D',1),(390,'2B',1),(390,'3C',1),(390,'4D',1),(390,'9C',1),(391,'10D',1),(391,'3C',1),(391,'6F',1),(391,'7A',1),(391,'8B',1),(391,'9C',1),(392,'3C',1),(392,'7A',1),(393,'1A',1),(393,'3C',1),(393,'6F',1),(393,'8B',1),(393,'9C',1),(394,'10D',1),(394,'6F',1),(394,'9C',1),(395,'1A',1),(395,'4D',1),(395,'6F',1),(395,'8B',1),(396,'1A',1),(396,'5E',1),(396,'6F',1),(396,'7A',1),(397,'10D',1),(397,'1A',1),(397,'2B',1),(397,'4D',1),(397,'7A',1),(398,'1A',1),(398,'2B',1),(398,'6F',1),(398,'9C',1),(399,'1A',1),(399,'2B',1),(399,'3C',1),(399,'6F',1),(400,'10D',1),(400,'2B',1),(400,'3C',1),(400,'4D',1),(400,'6F',1),(400,'7A',1),(400,'8B',1),(400,'9C',1),(401,'10D',1),(401,'1A',1),(401,'2B',1),(401,'3C',1),(401,'4D',1),(401,'8B',1),(402,'1A',1),(402,'4D',1),(402,'5E',1),(402,'8B',1),(403,'10D',1),(403,'1A',1),(403,'2B',1),(403,'4D',1),(403,'5E',1),(403,'6F',1),(403,'9C',1),(404,'10D',1),(404,'3C',1),(404,'4D',1),(404,'6F',1),(404,'7A',1),(405,'3C',1),(405,'4D',1),(405,'6F',1),(405,'7A',1),(406,'10D',1),(406,'1A',1),(406,'5E',1),(406,'6F',1),(406,'7A',1),(407,'10D',1),(407,'3C',1),(407,'7A',1),(407,'8B',1),(408,'1A',1),(408,'2B',1),(408,'3C',1),(408,'6F',1),(408,'7A',1),(408,'8B',1),(409,'10D',1),(409,'1A',1),(409,'2B',1),(409,'4D',1),(409,'7A',1),(410,'10D',1),(410,'2B',1),(410,'3C',1),(410,'5E',1),(410,'9C',1),(411,'10D',1),(411,'2B',1),(411,'3C',1),(411,'5E',1),(411,'9C',1),(412,'10D',1),(412,'2B',1),(412,'6F',1),(413,'10D',1),(413,'2B',1),(413,'4D',1),(413,'5E',1),(413,'6F',1),(413,'7A',1),(413,'8B',1),(413,'9C',1),(414,'10D',1),(414,'1A',1),(414,'2B',1),(414,'3C',1),(414,'8B',1),(415,'10D',1),(415,'1A',1),(415,'3C',1),(415,'6F',1),(415,'7A',1),(416,'2B',1),(416,'3C',1),(416,'9C',1),(417,'10D',1),(417,'1A',1),(417,'2B',1),(417,'3C',1),(417,'5E',1),(417,'7A',1),(418,'10D',1),(418,'1A',1),(418,'5E',1),(418,'6F',1),(418,'9C',1),(419,'1A',1),(419,'4D',1),(419,'6F',1),(419,'9C',1),(420,'1A',1),(420,'2B',1),(420,'3C',1),(420,'4D',1),(420,'5E',1),(421,'10D',1),(421,'2B',1),(421,'3C',1),(421,'4D',1),(421,'6F',1),(421,'8B',1),(421,'9C',1),(422,'1A',1),(422,'9C',1),(423,'1A',1),(423,'2B',1),(423,'3C',1),(423,'4D',1),(423,'9C',1),(424,'1A',1),(424,'3C',1),(424,'4D',1),(424,'5E',1),(424,'6F',1),(425,'10D',1),(425,'1A',1),(425,'2B',1),(425,'3C',1),(425,'7A',1),(425,'8B',1),(426,'10D',1),(426,'1A',1),(426,'2B',1),(426,'3C',1),(426,'6F',1),(426,'8B',1),(426,'9C',1),(427,'1A',1),(427,'5E',1),(427,'6F',1),(428,'10D',1),(428,'1A',1),(428,'5E',1),(428,'7A',1),(429,'10D',1),(429,'1A',1),(429,'5E',1),(429,'8B',1),(430,'10D',1),(430,'3C',1),(430,'8B',1),(430,'9C',1),(431,'2B',1),(431,'4D',1),(431,'6F',1),(431,'7A',1),(431,'8B',1),(431,'9C',1),(432,'10D',1),(432,'2B',1),(432,'3C',1),(432,'5E',1),(432,'6F',1),(432,'7A',1),(432,'8B',1),(432,'9C',1),(433,'10D',1),(433,'2B',1),(433,'4D',1),(433,'5E',1),(433,'6F',1),(433,'7A',1),(434,'10D',1),(434,'1A',1),(434,'2B',1),(434,'6F',1),(434,'7A',1),(435,'2B',1),(435,'3C',1),(435,'4D',1),(435,'6F',1),(435,'7A',1),(435,'9C',1),(436,'3C',1),(436,'5E',1),(436,'7A',1),(437,'10D',1),(437,'2B',1),(437,'3C',1),(437,'6F',1),(437,'7A',1),(437,'9C',1),(438,'3C',1),(438,'6F',1),(438,'8B',1),(438,'9C',1),(439,'2B',1),(439,'3C',1),(439,'5E',1),(439,'7A',1),(439,'8B',1),(439,'9C',1),(440,'1A',1),(440,'4D',1),(441,'1A',1),(441,'3C',1),(442,'10D',1),(442,'3C',1),(442,'6F',1),(442,'9C',1),(443,'1A',1),(443,'9C',1),(444,'2B',1),(444,'3C',1),(444,'6F',1),(444,'8B',1),(445,'10D',1),(445,'2B',1),(445,'7A',1),(446,'10D',1),(446,'1A',1),(446,'2B',1),(446,'4D',1),(446,'6F',1),(446,'7A',1),(446,'9C',1),(447,'10D',1),(447,'1A',1),(447,'4D',1),(447,'7A',1),(448,'1A',1),(448,'2B',1),(448,'6F',1),(448,'9C',1),(449,'5E',1),(449,'6F',1),(450,'10D',1),(450,'1A',1),(450,'2B',1),(450,'3C',1),(450,'4D',1),(450,'5E',1),(451,'2B',1),(451,'8B',1),(451,'9C',1),(452,'10D',1),(452,'3C',1),(452,'6F',1),(452,'8B',1),(453,'3C',1),(453,'5E',1),(453,'7A',1),(454,'1A',1),(454,'3C',1),(454,'4D',1),(454,'8B',1),(455,'4D',1),(455,'5E',1),(455,'9C',1),(456,'1A',1),(456,'2B',1),(456,'3C',1),(456,'4D',1),(456,'6F',1),(456,'7A',1),(457,'10D',1),(457,'2B',1),(457,'8B',1),(458,'10D',1),(458,'2B',1),(458,'4D',1),(458,'7A',1),(459,'10D',1),(459,'2B',1),(459,'4D',1),(459,'6F',1),(459,'8B',1),(459,'9C',1),(460,'2B',1),(460,'6F',1),(460,'7A',1),(460,'8B',1),(460,'9C',1),(461,'10D',1),(461,'2B',1),(461,'7A',1),(461,'9C',1),(462,'1A',1),(462,'2B',1),(462,'3C',1),(462,'4D',1),(462,'7A',1),(462,'8B',1),(462,'9C',1),(463,'2B',1),(463,'3C',1),(463,'4D',1),(463,'5E',1),(463,'6F',1),(463,'7A',1),(463,'8B',1),(463,'9C',1),(464,'10D',1),(464,'1A',1),(464,'6F',1),(464,'9C',1),(465,'10D',1),(465,'3C',1),(465,'4D',1),(465,'5E',1),(465,'6F',1),(465,'7A',1),(466,'10D',1),(466,'2B',1),(466,'4D',1),(466,'6F',1),(466,'7A',1),(467,'10D',1),(467,'1A',1),(467,'3C',1),(468,'1A',1),(468,'2B',1),(468,'6F',1),(468,'7A',1),(468,'8B',1),(468,'9C',1),(469,'10D',1),(469,'4D',1),(469,'6F',1),(469,'7A',1),(470,'10D',1),(470,'1A',1),(470,'2B',1),(470,'3C',1),(470,'5E',1),(470,'6F',1),(470,'7A',1),(470,'8B',1),(470,'9C',1),(471,'10D',1),(471,'1A',1),(471,'3C',1),(471,'6F',1),(472,'10D',1),(472,'1A',1),(472,'2B',1),(472,'3C',1),(472,'4D',1),(472,'7A',1),(472,'9C',1),(473,'10D',1),(473,'7A',1),(474,'2B',1),(474,'3C',1),(474,'4D',1),(474,'5E',1),(475,'10D',1),(475,'3C',1),(475,'4D',1),(475,'5E',1),(475,'6F',1),(475,'7A',1),(475,'8B',1),(476,'10D',1),(476,'1A',1),(476,'3C',1),(476,'4D',1),(476,'5E',1),(476,'6F',1),(476,'7A',1),(476,'8B',1),(476,'9C',1),(477,'2B',1),(477,'4D',1),(477,'5E',1),(477,'6F',1),(477,'8B',1),(478,'3C',1),(478,'4D',1),(478,'7A',1),(478,'8B',1),(479,'10D',1),(479,'4D',1),(479,'6F',1),(479,'7A',1),(480,'10D',1),(480,'1A',1),(480,'6F',1),(480,'7A',1),(480,'8B',1),(481,'1A',1),(481,'3C',1),(481,'4D',1),(481,'5E',1),(481,'6F',1),(481,'7A',1),(481,'8B',1),(481,'9C',1),(482,'2B',1),(482,'3C',1),(482,'5E',1),(482,'6F',1),(482,'9C',1),(483,'1A',1),(483,'2B',1),(483,'5E',1),(483,'7A',1),(483,'9C',1),(484,'10D',1),(484,'2B',1),(484,'4D',1),(484,'5E',1),(484,'7A',1),(484,'8B',1),(484,'9C',1),(485,'1A',1),(485,'2B',1),(485,'3C',1),(485,'4D',1),(485,'6F',1),(485,'9C',1),(486,'1A',1),(486,'4D',1),(486,'7A',1),(486,'9C',1),(487,'10D',1),(487,'1A',1),(487,'4D',1),(487,'5E',1),(487,'6F',1),(487,'7A',1),(487,'9C',1),(488,'3C',1),(488,'4D',1),(488,'7A',1),(488,'9C',1),(489,'1A',1),(489,'2B',1),(489,'3C',1),(489,'4D',1),(489,'5E',1),(489,'8B',1),(489,'9C',1),(490,'10D',1),(490,'1A',1),(490,'2B',1),(490,'3C',1),(490,'4D',1),(490,'6F',1),(490,'7A',1),(490,'8B',1),(491,'10D',1),(491,'2B',1),(491,'3C',1),(491,'4D',1),(491,'7A',1),(491,'8B',1),(492,'10D',1),(492,'4D',1),(492,'5E',1),(492,'7A',1),(492,'8B',1),(493,'1A',1),(493,'6F',1),(493,'7A',1),(493,'8B',1),(493,'9C',1),(494,'10D',1),(494,'1A',1),(494,'2B',1),(494,'3C',1),(494,'6F',1),(494,'9C',1),(495,'10D',1),(495,'3C',1),(495,'5E',1),(495,'6F',1),(495,'7A',1),(495,'8B',1),(496,'1A',1),(496,'8B',1),(496,'9C',1),(497,'10D',1),(497,'1A',1),(497,'5E',1),(497,'9C',1),(498,'10D',1),(498,'4D',1),(498,'6F',1),(498,'8B',1),(499,'1A',1),(499,'3C',1),(499,'7A',1),(499,'8B',1),(500,'1A',1),(500,'3C',1),(500,'5E',1),(500,'6F',1),(500,'7A',1),(500,'8B',1),(501,'10D',1),(501,'1A',1),(501,'7A',1),(502,'10D',1),(502,'5E',1),(502,'6F',1),(502,'8B',1),(502,'9C',1),(503,'10D',1),(503,'1A',1),(503,'4D',1),(503,'5E',1),(504,'1A',1),(504,'2B',1),(504,'4D',1),(504,'5E',1),(504,'7A',1),(504,'9C',1),(505,'1A',1),(505,'2B',1),(505,'3C',1),(505,'5E',1),(505,'7A',1),(505,'8B',1),(506,'10D',1),(506,'1A',1),(506,'3C',1),(506,'4D',1),(506,'6F',1),(506,'8B',1),(507,'4D',1),(507,'6F',1),(508,'2B',1),(508,'4D',1),(508,'5E',1),(509,'10D',1),(509,'1A',1),(509,'8B',1),(510,'10D',1),(510,'1A',1),(510,'5E',1),(510,'6F',1),(510,'7A',1),(510,'8B',1),(510,'9C',1),(511,'10D',1),(511,'2B',1),(511,'3C',1),(511,'4D',1),(511,'6F',1),(511,'7A',1),(511,'8B',1),(512,'1A',1),(512,'2B',1),(512,'3C',1),(512,'5E',1),(513,'3C',1),(513,'7A',1),(514,'1A',1),(514,'2B',1),(514,'4D',1),(514,'5E',1),(514,'6F',1),(514,'8B',1),(514,'9C',1),(515,'3C',1),(515,'5E',1),(515,'6F',1),(515,'8B',1),(515,'9C',1),(516,'1A',1),(516,'2B',1),(516,'4D',1),(516,'5E',1),(516,'6F',1),(516,'7A',1),(516,'8B',1),(516,'9C',1),(517,'1A',1),(517,'2B',1),(517,'5E',1),(517,'9C',1),(518,'10D',1),(518,'1A',1),(518,'2B',1),(518,'4D',1),(518,'5E',1),(518,'6F',1),(518,'9C',1),(519,'6F',1),(519,'8B',1),(520,'4D',1),(520,'5E',1),(520,'7A',1),(520,'8B',1),(521,'2B',1),(521,'3C',1),(521,'5E',1),(521,'7A',1),(521,'9C',1),(522,'2B',1),(522,'7A',1),(522,'8B',1),(523,'1A',1),(523,'8B',1),(523,'9C',1),(524,'3C',1),(524,'4D',1),(524,'5E',1),(524,'6F',1),(524,'7A',1),(524,'9C',1),(525,'10D',1),(525,'3C',1),(525,'6F',1),(525,'8B',1),(525,'9C',1),(526,'1A',1),(526,'5E',1),(526,'6F',1),(526,'7A',1),(526,'8B',1),(527,'10D',1),(527,'1A',1),(527,'4D',1),(527,'6F',1),(527,'8B',1),(528,'2B',1),(528,'4D',1),(528,'5E',1),(528,'7A',1),(529,'10D',1),(529,'1A',1),(529,'3C',1),(529,'7A',1),(530,'10D',1),(530,'1A',1),(530,'3C',1),(530,'5E',1),(530,'6F',1),(530,'7A',1),(530,'8B',1),(531,'10D',1),(531,'2B',1),(531,'3C',1),(531,'4D',1),(531,'6F',1),(531,'7A',1),(531,'9C',1),(532,'10D',1),(532,'2B',1),(532,'3C',1),(532,'4D',1),(532,'5E',1),(532,'6F',1),(532,'7A',1),(532,'8B',1),(533,'10D',1),(533,'1A',1),(533,'3C',1),(533,'6F',1),(533,'7A',1),(533,'8B',1),(533,'9C',1),(534,'10D',1),(534,'1A',1),(534,'4D',1),(534,'5E',1),(534,'6F',1),(535,'10D',1),(535,'1A',1),(535,'3C',1),(535,'4D',1),(535,'6F',1),(535,'7A',1),(535,'9C',1),(536,'1A',1),(536,'2B',1),(536,'5E',1),(536,'6F',1),(536,'7A',1),(536,'9C',1),(537,'3C',1),(537,'4D',1),(537,'6F',1),(537,'7A',1),(537,'8B',1),(537,'9C',1),(538,'10D',1),(538,'2B',1),(538,'6F',1),(538,'9C',1),(539,'10D',1),(539,'1A',1),(539,'2B',1),(539,'3C',1),(539,'6F',1),(539,'7A',1),(539,'8B',1),(540,'1A',1),(540,'3C',1),(540,'6F',1),(540,'8B',1),(540,'9C',1),(541,'10D',1),(541,'2B',1),(541,'5E',1),(541,'6F',1),(541,'8B',1),(542,'2B',1),(542,'4D',1),(542,'7A',1),(543,'4D',1),(543,'5E',1),(543,'9C',1),(544,'10D',1),(544,'3C',1),(544,'6F',1),(544,'7A',1),(545,'10D',1),(545,'1A',1),(545,'4D',1),(545,'5E',1),(545,'6F',1),(545,'8B',1),(546,'10D',1),(546,'4D',1),(546,'7A',1),(546,'8B',1),(546,'9C',1),(547,'1A',1),(547,'2B',1),(547,'3C',1),(547,'5E',1),(547,'8B',1),(548,'1A',1),(548,'2B',1),(548,'4D',1),(548,'5E',1),(548,'6F',1),(548,'8B',1),(549,'10D',1),(549,'4D',1),(549,'6F',1),(549,'8B',1),(549,'9C',1),(550,'5E',1),(550,'7A',1),(551,'10D',1),(551,'1A',1),(551,'2B',1),(551,'3C',1),(551,'4D',1),(551,'6F',1),(551,'8B',1),(552,'10D',1),(552,'1A',1),(552,'4D',1),(552,'5E',1),(552,'6F',1),(552,'7A',1),(552,'8B',1),(553,'10D',1),(553,'2B',1),(553,'3C',1),(553,'4D',1),(553,'6F',1),(553,'7A',1),(553,'9C',1),(554,'10D',1),(554,'1A',1),(554,'2B',1),(554,'7A',1),(555,'1A',1),(555,'3C',1),(555,'5E',1),(555,'7A',1),(556,'1A',1),(556,'3C',1),(556,'4D',1),(556,'8B',1),(556,'9C',1),(557,'1A',1),(557,'2B',1),(557,'3C',1),(557,'4D',1),(557,'8B',1),(557,'9C',1),(558,'10D',1),(558,'2B',1),(558,'5E',1),(558,'6F',1),(558,'9C',1),(559,'10D',1),(559,'1A',1),(559,'4D',1),(559,'6F',1),(559,'7A',1),(559,'9C',1),(560,'10D',1),(560,'2B',1),(560,'3C',1),(561,'3C',1),(561,'4D',1),(561,'6F',1),(561,'9C',1),(562,'10D',1),(562,'3C',1),(562,'5E',1),(562,'6F',1),(562,'8B',1),(563,'1A',1),(563,'2B',1),(563,'3C',1),(563,'9C',1),(564,'10D',1),(564,'1A',1),(564,'7A',1),(564,'8B',1),(565,'1A',1),(565,'2B',1),(565,'6F',1),(565,'7A',1),(565,'8B',1),(566,'10D',1),(566,'3C',1),(566,'5E',1),(566,'6F',1),(566,'7A',1),(566,'8B',1),(566,'9C',1),(567,'10D',1),(567,'1A',1),(567,'6F',1),(567,'7A',1),(567,'9C',1),(568,'10D',1),(568,'4D',1),(568,'7A',1),(568,'9C',1),(569,'1A',1),(569,'4D',1),(569,'7A',1),(569,'9C',1),(570,'2B',1),(570,'4D',1),(570,'6F',1),(570,'7A',1),(570,'9C',1),(571,'1A',1),(571,'2B',1),(571,'3C',1),(571,'6F',1),(571,'7A',1),(571,'8B',1),(572,'1A',1),(572,'2B',1),(572,'4D',1),(572,'6F',1),(572,'7A',1),(572,'8B',1),(573,'10D',1),(573,'2B',1),(573,'6F',1),(573,'7A',1),(573,'8B',1),(573,'9C',1),(574,'10D',1),(574,'4D',1),(574,'5E',1),(574,'7A',1),(574,'8B',1),(574,'9C',1),(575,'1A',1),(575,'3C',1),(575,'5E',1),(575,'7A',1),(575,'8B',1),(575,'9C',1),(576,'10D',1),(576,'4D',1),(576,'7A',1),(576,'8B',1),(576,'9C',1),(577,'1A',1),(577,'2B',1),(577,'5E',1),(577,'9C',1),(578,'10D',1),(578,'2B',1),(578,'7A',1),(579,'10D',1),(579,'1A',1),(579,'3C',1),(579,'5E',1),(579,'6F',1),(579,'8B',1),(579,'9C',1),(580,'1A',1),(580,'2B',1),(580,'8B',1),(580,'9C',1),(581,'1A',1),(581,'5E',1),(581,'7A',1),(581,'8B',1),(582,'10D',1),(582,'1A',1),(582,'3C',1),(582,'4D',1),(582,'6F',1),(582,'9C',1),(583,'3C',1),(583,'5E',1),(583,'6F',1),(583,'8B',1),(584,'10D',1),(584,'1A',1),(584,'2B',1),(584,'7A',1),(584,'9C',1),(585,'10D',1),(585,'1A',1),(585,'3C',1),(585,'4D',1),(585,'5E',1),(585,'6F',1),(586,'1A',1),(586,'3C',1),(587,'10D',1),(587,'3C',1),(587,'5E',1),(587,'7A',1),(587,'8B',1),(587,'9C',1),(588,'10D',1),(588,'1A',1),(588,'2B',1),(588,'6F',1),(588,'7A',1),(588,'8B',1),(588,'9C',1),(589,'10D',1),(589,'1A',1),(589,'4D',1),(589,'6F',1),(589,'9C',1),(590,'10D',1),(590,'2B',1),(590,'5E',1),(590,'9C',1),(591,'10D',1),(591,'2B',1),(591,'3C',1),(591,'4D',1),(591,'5E',1),(592,'1A',1),(592,'3C',1),(592,'5E',1),(592,'7A',1),(592,'9C',1),(593,'10D',1),(593,'5E',1),(593,'7A',1),(593,'8B',1),(594,'10D',1),(594,'3C',1),(594,'4D',1),(594,'6F',1),(594,'8B',1),(595,'1A',1),(595,'3C',1),(595,'5E',1),(595,'6F',1),(595,'8B',1),(595,'9C',1),(596,'1A',1),(596,'2B',1),(596,'3C',1),(596,'5E',1),(597,'10D',1),(597,'1A',1),(597,'4D',1),(597,'5E',1),(597,'8B',1),(597,'9C',1),(598,'1A',1),(598,'2B',1),(598,'4D',1),(598,'6F',1),(598,'8B',1),(598,'9C',1),(599,'1A',1),(599,'4D',1),(599,'5E',1),(599,'6F',1),(599,'8B',1),(599,'9C',1),(600,'1A',1),(600,'2B',1),(600,'3C',1),(600,'4D',1);
/*!40000 ALTER TABLE `availabilities` ENABLE KEYS */;
UNLOCK TABLES;

--
-- Table structure for table `classes`
--

DROP TABLE IF EXISTS `classes`;
/*!40101 SET @saved_cs_client     = @@character_set_client */;
/*!50503 SET character_set_client = utf8mb4 */;
CREATE TABLE `classes` (
  `class_name` varchar(15) NOT NULL,
  `price_multiplier` float NOT NULL,
  PRIMARY KEY (`class_name`),
  UNIQUE KEY `class_name_UNIQUE` (`class_name`)
) ENGINE=InnoDB DEFAULT CHARSET=utf8mb4 COLLATE=utf8mb4_0900_ai_ci;
/*!40101 SET character_set_client = @saved_cs_client */;

--
-- Dumping data for table `classes`
--

LOCK TABLES `classes` WRITE;
/*!40000 ALTER TABLE `classes` DISABLE KEYS */;
INSERT INTO `classes` VALUES ('Business',3),('Economy',1),('Extra Legroom',1.5);
/*!40000 ALTER TABLE `classes` ENABLE KEYS */;
UNLOCK TABLES;

--
-- Temporary view structure for view `flight_details`
--

DROP TABLE IF EXISTS `flight_details`;
/*!50001 DROP VIEW IF EXISTS `flight_details`*/;
SET @saved_cs_client     = @@character_set_client;
/*!50503 SET character_set_client = utf8mb4 */;
/*!50001 CREATE VIEW `flight_details` AS SELECT 
 1 AS `flight_date`,
 1 AS `dayname`,
 1 AS `flight_number`,
 1 AS `from_airport_code`,
 1 AS `from_city`,
 1 AS `to_airport_code`,
 1 AS `to_city`,
 1 AS `departure_time`,
 1 AS `arrival_time`,
 1 AS `duration`,
 1 AS `price`,
 1 AS `class`,
 1 AS `available_seats`*/;
SET character_set_client = @saved_cs_client;

--
-- Temporary view structure for view `flight_revenues`
--

DROP TABLE IF EXISTS `flight_revenues`;
/*!50001 DROP VIEW IF EXISTS `flight_revenues`*/;
SET @saved_cs_client     = @@character_set_client;
/*!50503 SET character_set_client = utf8mb4 */;
/*!50001 CREATE VIEW `flight_revenues` AS SELECT 
 1 AS `schedule_id`,
 1 AS `flight_date`,
 1 AS `flight_number`,
 1 AS `revenue_per_flight`*/;
SET character_set_client = @saved_cs_client;

--
-- Table structure for table `routes`
--

DROP TABLE IF EXISTS `routes`;
/*!40101 SET @saved_cs_client     = @@character_set_client */;
/*!50503 SET character_set_client = utf8mb4 */;
CREATE TABLE `routes` (
  `flight_number` varchar(6) NOT NULL,
  `from_airport_code` varchar(3) NOT NULL,
  `to_airport_code` varchar(3) NOT NULL,
  PRIMARY KEY (`flight_number`),
  UNIQUE KEY `flight_number_UNIQUE` (`flight_number`),
  KEY `from_iata` (`from_airport_code`),
  KEY `to_iata` (`to_airport_code`),
  CONSTRAINT `routes_ibfk_1` FOREIGN KEY (`from_airport_code`) REFERENCES `airports` (`airport_code`),
  CONSTRAINT `routes_ibfk_2` FOREIGN KEY (`to_airport_code`) REFERENCES `airports` (`airport_code`)
) ENGINE=InnoDB DEFAULT CHARSET=utf8mb4 COLLATE=utf8mb4_0900_ai_ci;
/*!40101 SET character_set_client = @saved_cs_client */;

--
-- Dumping data for table `routes`
--

LOCK TABLES `routes` WRITE;
/*!40000 ALTER TABLE `routes` DISABLE KEYS */;
INSERT INTO `routes` VALUES ('EI 158','DUB','LHR'),('EI 159','LHR','DUB'),('EI 332','DUB','BER'),('EI 333','BER','DUB'),('EI 432','DUB','LIN'),('EI 433','LIN','DUB'),('EI 482','DUB','LIS'),('EI 483','LIS','DUB'),('EI 520','DUB','CDG'),('EI 521','CDG','DUB'),('EI 592','DUB','MAD'),('EI 593','MAD','DUB'),('EI 604','DUB','AMS'),('EI 605','AMS','DUB'),('EI 630','DUB','BRU'),('EI 631','BRU','DUB'),('EI 644','DUB','PRG'),('EI 645','PRG','DUB'),('EI 660','DUB','VIE'),('EI 661','VIE','DUB'),('EI 676','DUB','BUD'),('EI 677','BUD','DUB'),('EI 680','DUB','GVA'),('EI 681','GVA','DUB');
/*!40000 ALTER TABLE `routes` ENABLE KEYS */;
UNLOCK TABLES;

--
-- Table structure for table `schedules`
--

DROP TABLE IF EXISTS `schedules`;
/*!40101 SET @saved_cs_client     = @@character_set_client */;
/*!50503 SET character_set_client = utf8mb4 */;
CREATE TABLE `schedules` (
  `schedule_id` smallint NOT NULL AUTO_INCREMENT,
  `flight_date` date NOT NULL,
  `flight_number` varchar(6) NOT NULL,
  `departure_time` time NOT NULL,
  `arrival_time` time NOT NULL,
  `base_price` float NOT NULL,
  PRIMARY KEY (`schedule_id`),
  UNIQUE KEY `schedule_id_UNIQUE` (`schedule_id`),
  KEY `flight_number` (`flight_number`),
  CONSTRAINT `schedules_ibfk_1` FOREIGN KEY (`flight_number`) REFERENCES `routes` (`flight_number`)
) ENGINE=InnoDB DEFAULT CHARSET=utf8mb4 COLLATE=utf8mb4_0900_ai_ci;
/*!40101 SET character_set_client = @saved_cs_client */;

--
-- Dumping data for table `schedules`
--

LOCK TABLES `schedules` WRITE;
/*!40000 ALTER TABLE `schedules` DISABLE KEYS */;
INSERT INTO `schedules` VALUES (1,'2022-01-01','EI 680','06:30:00','09:40:00',207.83),(2,'2022-01-01','EI 520','06:40:00','09:25:00',62.83),(3,'2022-01-01','EI 630','06:50:00','09:30:00',52.06),(4,'2022-01-01','EI 332','07:05:00','10:30:00',81.33),(5,'2022-01-01','EI 592','07:05:00','10:55:00',24.33),(6,'2022-01-01','EI 432','07:15:00','11:00:00',98.83),(7,'2022-01-01','EI 482','07:15:00','10:00:00',47.83),(8,'2022-01-01','EI 158','10:00:00','11:20:00',146.83),(9,'2022-01-01','EI 521','10:05:00','11:00:00',82),(10,'2022-01-01','EI 631','10:20:00','11:05:00',80.21),(11,'2022-01-01','EI 604','10:25:00','13:00:00',53.83),(12,'2022-01-01','EI 681','10:30:00','11:55:00',88.97),(13,'2022-01-01','EI 483','10:50:00','13:50:00',94),(14,'2022-01-01','EI 333','11:20:00','12:50:00',85.48),(15,'2022-01-01','EI 593','11:45:00','13:30:00',178.95),(16,'2022-01-01','EI 433','11:50:00','13:30:00',147.57),(17,'2022-01-01','EI 159','12:15:00','13:40:00',102.89),(18,'2022-01-01','EI 605','13:45:00','14:25:00',88.04),(19,'2022-01-02','EI 520','06:40:00','09:25:00',92.83),(20,'2022-01-02','EI 680','06:55:00','10:10:00',427.83),(21,'2022-01-02','EI 332','07:05:00','10:30:00',171.33),(22,'2022-01-02','EI 592','07:05:00','10:55:00',82.83),(23,'2022-01-02','EI 660','07:10:00','11:00:00',69.83),(24,'2022-01-02','EI 432','07:15:00','11:00:00',98.83),(25,'2022-01-02','EI 158','10:00:00','11:20:00',186.83),(26,'2022-01-02','EI 521','10:05:00','11:00:00',107),(27,'2022-01-02','EI 604','10:25:00','13:00:00',63.83),(28,'2022-01-02','EI 681','10:55:00','12:15:00',349.97),(29,'2022-01-02','EI 333','11:20:00','12:50:00',115.48),(30,'2022-01-02','EI 644','11:20:00','14:50:00',85.83),(31,'2022-01-02','EI 593','11:45:00','13:30:00',258.95),(32,'2022-01-02','EI 433','11:50:00','13:30:00',147.57),(33,'2022-01-02','EI 661','11:50:00','13:50:00',111.92),(34,'2022-01-02','EI 159','12:15:00','13:40:00',97.89),(35,'2022-01-02','EI 605','13:45:00','14:25:00',78.04),(36,'2022-01-02','EI 645','15:40:00','17:20:00',144.29),(37,'2022-01-02','EI 676','16:20:00','20:20:00',75.83),(38,'2022-01-02','EI 677','21:10:00','23:25:00',169.03),(39,'2022-01-03','EI 520','06:40:00','09:25:00',92.83),(40,'2022-01-03','EI 630','06:50:00','09:30:00',166.06),(41,'2022-01-03','EI 680','06:55:00','10:10:00',172.83),(42,'2022-01-03','EI 332','07:05:00','10:30:00',95.48),(43,'2022-01-03','EI 592','07:05:00','10:55:00',50.83),(44,'2022-01-03','EI 432','07:15:00','11:00:00',76.83),(45,'2022-01-03','EI 482','07:15:00','10:00:00',73.83),(46,'2022-01-03','EI 158','10:00:00','11:20:00',146.83),(47,'2022-01-03','EI 521','10:05:00','11:00:00',117),(48,'2022-01-03','EI 631','10:20:00','11:05:00',169.21),(49,'2022-01-03','EI 604','10:25:00','13:00:00',53.83),(50,'2022-01-03','EI 483','10:50:00','13:50:00',148),(51,'2022-01-03','EI 681','10:55:00','12:15:00',449.97),(52,'2022-01-03','EI 333','11:20:00','12:50:00',115.48),(53,'2022-01-03','EI 593','11:45:00','13:30:00',238.95),(54,'2022-01-03','EI 433','11:50:00','13:30:00',147.57),(55,'2022-01-03','EI 159','12:15:00','13:40:00',92.89),(56,'2022-01-03','EI 605','13:45:00','14:25:00',44.54),(57,'2022-01-04','EI 520','06:40:00','09:25:00',52.83),(58,'2022-01-04','EI 630','06:50:00','09:30:00',106.06),(59,'2022-01-04','EI 680','06:55:00','10:10:00',102.83),(60,'2022-01-04','EI 332','07:05:00','10:30:00',91.33),(61,'2022-01-04','EI 592','07:05:00','10:55:00',50.83),(62,'2022-01-04','EI 432','07:15:00','11:00:00',21.33),(63,'2022-01-04','EI 482','07:15:00','10:00:00',35.83),(64,'2022-01-04','EI 158','10:00:00','11:20:00',97.83),(65,'2022-01-04','EI 521','10:05:00','11:00:00',107),(66,'2022-01-04','EI 631','10:20:00','11:05:00',110.21),(67,'2022-01-04','EI 604','10:25:00','13:00:00',48.83),(68,'2022-01-04','EI 483','10:50:00','13:50:00',136),(69,'2022-01-04','EI 681','10:55:00','12:15:00',249.97),(70,'2022-01-04','EI 333','11:20:00','12:50:00',105.48),(71,'2022-01-04','EI 593','11:45:00','13:30:00',198.95),(72,'2022-01-04','EI 433','11:50:00','13:30:00',135.57),(73,'2022-01-04','EI 159','12:15:00','13:40:00',63.39),(74,'2022-01-04','EI 605','13:45:00','14:25:00',44.54),(75,'2022-01-05','EI 520','06:40:00','09:25:00',32.83),(76,'2022-01-05','EI 630','06:50:00','09:30:00',47.06),(77,'2022-01-05','EI 680','06:55:00','10:10:00',72.83),(78,'2022-01-05','EI 332','07:05:00','10:30:00',71.33),(79,'2022-01-05','EI 592','07:05:00','10:55:00',24.33),(80,'2022-01-05','EI 660','07:10:00','11:00:00',13.83),(81,'2022-01-05','EI 432','07:15:00','11:00:00',21.33),(82,'2022-01-05','EI 482','07:15:00','10:00:00',35.83),(83,'2022-01-05','EI 158','10:00:00','11:20:00',38.33),(84,'2022-01-05','EI 521','10:05:00','11:00:00',82),(85,'2022-01-05','EI 631','10:20:00','11:05:00',85.21),(86,'2022-01-05','EI 604','10:25:00','13:00:00',48.83),(87,'2022-01-05','EI 483','10:50:00','13:50:00',104),(88,'2022-01-05','EI 681','10:55:00','12:15:00',137.97),(89,'2022-01-05','EI 333','11:20:00','12:50:00',85.48),(90,'2022-01-05','EI 644','11:20:00','14:50:00',40.83),(91,'2022-01-05','EI 593','11:45:00','13:30:00',148.95),(92,'2022-01-05','EI 661','11:45:00','13:50:00',151.92),(93,'2022-01-05','EI 433','11:50:00','13:30:00',115.57),(94,'2022-01-05','EI 159','12:15:00','13:40:00',63.39),(95,'2022-01-05','EI 605','13:45:00','14:25:00',44.54),(96,'2022-01-05','EI 645','15:40:00','17:20:00',144.29),(97,'2022-01-05','EI 676','16:20:00','20:20:00',38.33),(98,'2022-01-05','EI 677','21:10:00','23:25:00',149.03),(99,'2022-01-06','EI 520','06:40:00','09:25:00',32.83),(100,'2022-01-06','EI 630','06:50:00','09:30:00',18.06),(101,'2022-01-06','EI 680','06:55:00','10:10:00',129.83),(102,'2022-01-06','EI 332','07:05:00','10:30:00',55.33),(103,'2022-01-06','EI 592','07:10:00','10:55:00',24.33),(104,'2022-01-06','EI 432','07:15:00','11:00:00',21.33),(105,'2022-01-06','EI 482','07:15:00','10:00:00',35.83),(106,'2022-01-06','EI 158','10:00:00','11:20:00',38.33),(107,'2022-01-06','EI 521','10:05:00','11:00:00',77),(108,'2022-01-06','EI 631','10:20:00','11:05:00',71.21),(109,'2022-01-06','EI 604','10:25:00','13:00:00',15.33),(110,'2022-01-06','EI 483','10:50:00','13:50:00',68),(111,'2022-01-06','EI 681','10:55:00','12:15:00',94.97),(112,'2022-01-06','EI 333','11:20:00','12:50:00',58.98),(113,'2022-01-06','EI 593','11:45:00','13:30:00',148.95),(114,'2022-01-06','EI 433','11:50:00','13:30:00',93.57),(115,'2022-01-06','EI 159','12:15:00','13:40:00',63.39),(116,'2022-01-06','EI 605','13:45:00','14:25:00',44.54),(117,'2022-01-07','EI 520','06:40:00','09:25:00',32.83),(118,'2022-01-07','EI 680','06:55:00','10:10:00',102.83),(119,'2022-01-07','EI 332','07:05:00','10:30:00',61.33),(120,'2022-01-07','EI 592','07:05:00','10:55:00',24.33),(121,'2022-01-07','EI 660','07:05:00','10:55:00',13.83),(122,'2022-01-07','EI 432','07:15:00','11:00:00',21.33),(123,'2022-01-07','EI 158','10:00:00','11:20:00',38.33),(124,'2022-01-07','EI 521','10:05:00','11:00:00',87),(125,'2022-01-07','EI 604','10:25:00','13:00:00',53.83),(126,'2022-01-07','EI 681','10:55:00','12:15:00',124.97),(127,'2022-01-07','EI 333','11:20:00','12:50:00',85.48),(128,'2022-01-07','EI 644','11:20:00','14:50:00',53.83),(129,'2022-01-07','EI 593','11:45:00','13:30:00',218.95),(130,'2022-01-07','EI 661','11:45:00','13:50:00',45.92),(131,'2022-01-07','EI 433','11:50:00','13:30:00',93.57),(132,'2022-01-07','EI 159','12:15:00','13:40:00',63.39),(133,'2022-01-07','EI 605','13:45:00','14:25:00',44.54),(134,'2022-01-07','EI 645','15:40:00','17:20:00',94.29),(135,'2022-01-07','EI 676','16:20:00','20:20:00',38.33),(136,'2022-01-07','EI 677','21:10:00','23:25:00',89.03),(137,'2022-01-08','EI 680','06:30:00','09:40:00',207.83),(138,'2022-01-08','EI 520','06:40:00','09:25:00',32.83),(139,'2022-01-08','EI 630','06:50:00','09:30:00',52.06),(140,'2022-01-08','EI 332','07:05:00','10:30:00',34.83),(141,'2022-01-08','EI 592','07:05:00','10:55:00',24.33),(142,'2022-01-08','EI 432','07:15:00','11:00:00',272.83),(143,'2022-01-08','EI 482','07:15:00','10:00:00',35.83),(144,'2022-01-08','EI 158','10:00:00','11:20:00',67.83),(145,'2022-01-08','EI 521','10:05:00','11:00:00',76),(146,'2022-01-08','EI 631','10:20:00','11:05:00',75.21),(147,'2022-01-08','EI 604','10:25:00','13:00:00',15.33),(148,'2022-01-08','EI 681','10:30:00','11:55:00',249.97),(149,'2022-01-08','EI 483','10:50:00','13:50:00',66),(150,'2022-01-08','EI 333','11:20:00','12:50:00',85.48),(151,'2022-01-08','EI 593','11:45:00','13:30:00',279.95),(152,'2022-01-08','EI 433','11:50:00','13:30:00',93.57),(153,'2022-01-08','EI 159','12:15:00','13:40:00',63.39),(154,'2022-01-08','EI 605','13:45:00','14:25:00',44.54),(155,'2022-01-09','EI 520','06:40:00','09:25:00',32.83),(156,'2022-01-09','EI 680','06:55:00','10:10:00',227.83),(157,'2022-01-09','EI 332','07:05:00','10:30:00',34.83),(158,'2022-01-09','EI 592','07:05:00','10:55:00',24.33),(159,'2022-01-09','EI 660','07:10:00','11:00:00',13.83),(160,'2022-01-09','EI 432','07:15:00','11:00:00',66.83),(161,'2022-01-09','EI 158','10:00:00','11:20:00',38.33),(162,'2022-01-09','EI 521','10:05:00','11:00:00',92),(163,'2022-01-09','EI 604','10:25:00','13:00:00',58.83),(164,'2022-01-09','EI 681','10:55:00','12:15:00',449.97),(165,'2022-01-09','EI 333','11:20:00','12:50:00',85.48),(166,'2022-01-09','EI 644','11:20:00','14:50:00',40.83),(167,'2022-01-09','EI 593','11:45:00','13:30:00',279.95),(168,'2022-01-09','EI 433','11:50:00','13:30:00',135.57),(169,'2022-01-09','EI 661','11:50:00','13:50:00',45.92),(170,'2022-01-09','EI 159','12:15:00','13:40:00',63.39),(171,'2022-01-09','EI 605','13:45:00','14:25:00',83.04),(172,'2022-01-09','EI 645','15:40:00','17:20:00',114.29),(173,'2022-01-09','EI 676','16:20:00','20:20:00',38.33),(174,'2022-01-09','EI 677','21:10:00','23:25:00',133.03),(175,'2022-01-10','EI 520','06:40:00','09:25:00',62.83),(176,'2022-01-10','EI 630','06:50:00','09:30:00',126.06),(177,'2022-01-10','EI 680','06:55:00','10:10:00',115.83),(178,'2022-01-10','EI 332','07:05:00','10:30:00',34.83),(179,'2022-01-10','EI 592','07:05:00','10:55:00',24.33),(180,'2022-01-10','EI 432','07:15:00','11:00:00',66.83),(181,'2022-01-10','EI 482','07:15:00','10:00:00',35.83),(182,'2022-01-10','EI 158','10:00:00','11:20:00',38.33),(183,'2022-01-10','EI 521','10:05:00','11:00:00',92),(184,'2022-01-10','EI 631','10:20:00','11:05:00',70.21),(185,'2022-01-10','EI 604','10:25:00','13:00:00',15.33),(186,'2022-01-10','EI 483','10:50:00','13:50:00',68),(187,'2022-01-10','EI 681','10:55:00','12:15:00',166.97),(188,'2022-01-10','EI 333','11:20:00','12:50:00',73.48),(189,'2022-01-10','EI 593','11:45:00','13:30:00',218.95),(190,'2022-01-10','EI 433','11:50:00','13:30:00',93.57),(191,'2022-01-10','EI 159','12:15:00','13:40:00',63.39),(192,'2022-01-10','EI 605','13:45:00','14:25:00',44.54),(193,'2022-01-11','EI 520','06:40:00','09:25:00',32.83),(194,'2022-01-11','EI 630','06:50:00','09:30:00',47.06),(195,'2022-01-11','EI 680','06:55:00','10:10:00',115.83),(196,'2022-01-11','EI 332','07:05:00','10:30:00',34.83),(197,'2022-01-11','EI 592','07:05:00','10:55:00',24.33),(198,'2022-01-11','EI 432','07:15:00','11:00:00',48.83),(199,'2022-01-11','EI 482','07:15:00','10:00:00',35.83),(200,'2022-01-11','EI 158','10:00:00','11:20:00',38.33),(201,'2022-01-11','EI 521','10:05:00','11:00:00',82),(202,'2022-01-11','EI 631','10:20:00','11:05:00',41.21),(203,'2022-01-11','EI 604','10:25:00','13:00:00',15.33),(204,'2022-01-11','EI 483','10:50:00','13:50:00',68),(205,'2022-01-11','EI 681','10:55:00','12:15:00',166.97),(206,'2022-01-11','EI 333','11:20:00','12:50:00',58.98),(207,'2022-01-11','EI 593','11:45:00','13:30:00',218.95),(208,'2022-01-11','EI 433','11:50:00','13:30:00',65.57),(209,'2022-01-11','EI 159','12:15:00','13:40:00',63.39),(210,'2022-01-11','EI 605','13:45:00','14:25:00',44.54),(211,'2022-01-12','EI 520','06:40:00','09:25:00',32.83),(212,'2022-01-12','EI 630','06:50:00','09:30:00',87.06),(213,'2022-01-12','EI 680','06:55:00','10:10:00',247.83),(214,'2022-01-12','EI 332','07:05:00','10:30:00',34.83),(215,'2022-01-12','EI 592','07:05:00','10:55:00',24.33),(216,'2022-01-12','EI 660','07:10:00','11:00:00',13.83),(217,'2022-01-12','EI 432','07:15:00','11:00:00',48.83),(218,'2022-01-12','EI 482','07:15:00','10:00:00',35.83),(219,'2022-01-12','EI 158','10:00:00','11:20:00',38.33),(220,'2022-01-12','EI 521','10:05:00','11:00:00',87),(221,'2022-01-12','EI 631','10:20:00','11:05:00',41.21),(222,'2022-01-12','EI 604','10:25:00','13:00:00',15.33),(223,'2022-01-12','EI 483','10:50:00','13:50:00',68),(224,'2022-01-12','EI 681','10:55:00','12:15:00',88.97),(225,'2022-01-12','EI 333','11:20:00','12:50:00',58.98),(226,'2022-01-12','EI 644','11:20:00','14:50:00',40.83),(227,'2022-01-12','EI 593','11:45:00','13:30:00',132.95),(228,'2022-01-12','EI 661','11:45:00','13:50:00',45.92),(229,'2022-01-12','EI 433','11:50:00','13:30:00',65.57),(230,'2022-01-12','EI 159','12:15:00','13:40:00',63.39),(231,'2022-01-12','EI 605','13:45:00','14:25:00',44.54),(232,'2022-01-12','EI 645','15:40:00','17:20:00',114.29),(233,'2022-01-12','EI 676','16:20:00','20:20:00',38.33),(234,'2022-01-12','EI 677','21:10:00','23:25:00',38.33),(235,'2022-01-13','EI 520','06:40:00','09:25:00',32.83),(236,'2022-01-13','EI 630','06:50:00','09:30:00',18.06),(237,'2022-01-13','EI 680','06:55:00','10:10:00',247.83),(238,'2022-01-13','EI 332','07:05:00','10:30:00',34.83),(239,'2022-01-13','EI 592','07:10:00','10:55:00',24.33),(240,'2022-01-13','EI 432','07:15:00','11:00:00',48.83),(241,'2022-01-13','EI 482','07:15:00','10:00:00',35.83),(242,'2022-01-13','EI 158','10:00:00','11:20:00',38.33),(243,'2022-01-13','EI 521','10:05:00','11:00:00',57),(244,'2022-01-13','EI 631','10:20:00','11:05:00',41.21),(245,'2022-01-13','EI 604','10:25:00','13:00:00',15.33),(246,'2022-01-13','EI 483','10:50:00','13:50:00',68),(247,'2022-01-13','EI 681','10:55:00','12:15:00',88.97),(248,'2022-01-13','EI 333','11:20:00','12:50:00',58.98),(249,'2022-01-13','EI 593','11:45:00','13:30:00',93.95),(250,'2022-01-13','EI 433','11:50:00','13:30:00',65.57),(251,'2022-01-13','EI 159','12:15:00','13:40:00',63.39),(252,'2022-01-13','EI 605','13:45:00','14:25:00',44.54),(253,'2022-01-14','EI 520','06:40:00','09:25:00',32.83),(254,'2022-01-14','EI 680','06:55:00','10:10:00',297.83),(255,'2022-01-14','EI 332','07:05:00','10:30:00',34.83),(256,'2022-01-14','EI 592','07:05:00','10:55:00',24.33),(257,'2022-01-14','EI 660','07:05:00','10:55:00',13.83),(258,'2022-01-14','EI 432','07:15:00','11:00:00',48.83),(259,'2022-01-14','EI 158','10:00:00','11:20:00',38.33),(260,'2022-01-14','EI 521','10:05:00','11:00:00',82),(261,'2022-01-14','EI 604','10:25:00','13:00:00',58.83),(262,'2022-01-14','EI 681','10:55:00','12:15:00',88.97),(263,'2022-01-14','EI 333','11:20:00','12:50:00',58.98),(264,'2022-01-14','EI 644','11:20:00','14:50:00',40.83),(265,'2022-01-14','EI 593','11:45:00','13:30:00',93.95),(266,'2022-01-14','EI 661','11:45:00','13:50:00',45.92),(267,'2022-01-14','EI 433','11:50:00','13:30:00',65.57),(268,'2022-01-14','EI 159','12:15:00','13:40:00',63.39),(269,'2022-01-14','EI 605','13:45:00','14:25:00',83.04),(270,'2022-01-14','EI 645','15:40:00','17:20:00',114.29),(271,'2022-01-14','EI 676','16:20:00','20:20:00',38.33),(272,'2022-01-14','EI 677','21:10:00','23:25:00',38.33),(273,'2022-01-15','EI 680','06:30:00','09:40:00',297.83),(274,'2022-01-15','EI 520','06:40:00','09:25:00',32.83),(275,'2022-01-15','EI 630','06:50:00','09:30:00',47.06),(276,'2022-01-15','EI 332','07:05:00','10:30:00',34.83),(277,'2022-01-15','EI 592','07:05:00','10:55:00',24.33),(278,'2022-01-15','EI 432','07:15:00','11:00:00',50.83),(279,'2022-01-15','EI 482','07:15:00','10:00:00',35.83),(280,'2022-01-15','EI 158','10:00:00','11:20:00',38.33),(281,'2022-01-15','EI 521','10:05:00','11:00:00',97),(282,'2022-01-15','EI 631','10:20:00','11:05:00',70.21),(283,'2022-01-15','EI 604','10:25:00','13:00:00',15.33),(284,'2022-01-15','EI 681','10:30:00','11:55:00',269.97),(285,'2022-01-15','EI 483','10:50:00','13:50:00',68),(286,'2022-01-15','EI 333','11:20:00','12:50:00',58.98),(287,'2022-01-15','EI 593','11:45:00','13:30:00',93.95),(288,'2022-01-15','EI 433','11:50:00','13:30:00',244.57),(289,'2022-01-15','EI 159','12:15:00','13:40:00',63.39),(290,'2022-01-15','EI 605','13:45:00','14:25:00',44.54),(291,'2022-01-16','EI 520','06:40:00','09:25:00',62.83),(292,'2022-01-16','EI 680','06:55:00','10:10:00',72.83),(293,'2022-01-16','EI 332','07:05:00','10:30:00',34.83),(294,'2022-01-16','EI 592','07:05:00','10:55:00',24.33),(295,'2022-01-16','EI 660','07:10:00','11:00:00',13.83),(296,'2022-01-16','EI 432','07:15:00','11:00:00',21.33),(297,'2022-01-16','EI 158','10:00:00','11:20:00',38.33),(298,'2022-01-16','EI 521','10:05:00','11:00:00',87),(299,'2022-01-16','EI 604','10:25:00','13:00:00',15.33),(300,'2022-01-16','EI 681','10:55:00','12:15:00',124.97),(301,'2022-01-16','EI 333','11:20:00','12:50:00',73.48),(302,'2022-01-16','EI 644','11:20:00','14:50:00',40.83),(303,'2022-01-16','EI 593','11:45:00','13:30:00',83.95),(304,'2022-01-16','EI 433','11:50:00','13:30:00',38.07),(305,'2022-01-16','EI 661','11:50:00','13:50:00',45.92),(306,'2022-01-16','EI 159','12:15:00','13:40:00',92.89),(307,'2022-01-16','EI 605','13:45:00','14:25:00',44.54),(308,'2022-01-16','EI 645','15:40:00','17:20:00',114.29),(309,'2022-01-16','EI 676','16:20:00','20:20:00',38.33),(310,'2022-01-16','EI 677','21:10:00','23:25:00',38.33),(311,'2022-01-17','EI 520','06:40:00','09:25:00',32.83),(312,'2022-01-17','EI 630','06:50:00','09:30:00',18.06),(313,'2022-01-17','EI 680','06:55:00','10:10:00',60.83),(314,'2022-01-17','EI 332','07:05:00','10:30:00',34.83),(315,'2022-01-17','EI 592','07:05:00','10:55:00',24.33),(316,'2022-01-17','EI 432','07:15:00','11:00:00',21.33),(317,'2022-01-17','EI 482','07:15:00','10:00:00',35.83),(318,'2022-01-17','EI 158','10:00:00','11:20:00',38.33),(319,'2022-01-17','EI 521','10:05:00','11:00:00',87),(320,'2022-01-17','EI 631','10:20:00','11:05:00',41.21),(321,'2022-01-17','EI 604','10:25:00','13:00:00',48.83),(322,'2022-01-17','EI 483','10:50:00','13:50:00',68),(323,'2022-01-17','EI 681','10:55:00','12:15:00',82.97),(324,'2022-01-17','EI 333','11:20:00','12:50:00',58.98),(325,'2022-01-17','EI 593','11:45:00','13:30:00',73.95),(326,'2022-01-17','EI 433','11:50:00','13:30:00',38.07),(327,'2022-01-17','EI 159','12:15:00','13:40:00',63.39),(328,'2022-01-17','EI 605','13:45:00','14:25:00',78.04),(329,'2022-01-18','EI 520','06:40:00','09:25:00',32.83),(330,'2022-01-18','EI 630','06:50:00','09:30:00',18.06),(331,'2022-01-18','EI 680','06:55:00','10:10:00',50.33),(332,'2022-01-18','EI 332','07:05:00','10:30:00',34.83),(333,'2022-01-18','EI 592','07:05:00','10:55:00',24.33),(334,'2022-01-18','EI 432','07:15:00','11:00:00',48.83),(335,'2022-01-18','EI 482','07:15:00','10:00:00',35.83),(336,'2022-01-18','EI 158','10:00:00','11:20:00',38.33),(337,'2022-01-18','EI 521','10:05:00','11:00:00',57),(338,'2022-01-18','EI 631','10:20:00','11:05:00',41.21),(339,'2022-01-18','EI 604','10:25:00','13:00:00',15.33),(340,'2022-01-18','EI 483','10:50:00','13:50:00',68),(341,'2022-01-18','EI 681','10:55:00','12:15:00',82.97),(342,'2022-01-18','EI 333','11:20:00','12:50:00',58.98),(343,'2022-01-18','EI 593','11:45:00','13:30:00',73.95),(344,'2022-01-18','EI 433','11:50:00','13:30:00',38.07),(345,'2022-01-18','EI 159','12:15:00','13:40:00',63.39),(346,'2022-01-18','EI 605','13:45:00','14:25:00',44.54),(347,'2022-01-19','EI 520','06:40:00','09:25:00',32.83),(348,'2022-01-19','EI 630','06:50:00','09:30:00',18.06),(349,'2022-01-19','EI 680','06:55:00','10:10:00',50.33),(350,'2022-01-19','EI 332','07:05:00','10:30:00',34.83),(351,'2022-01-19','EI 592','07:05:00','10:55:00',24.33),(352,'2022-01-19','EI 660','07:10:00','11:00:00',13.83),(353,'2022-01-19','EI 432','07:15:00','11:00:00',48.83),(354,'2022-01-19','EI 482','07:15:00','10:00:00',35.83),(355,'2022-01-19','EI 158','10:00:00','11:20:00',38.33),(356,'2022-01-19','EI 521','10:05:00','11:00:00',57),(357,'2022-01-19','EI 631','10:20:00','11:05:00',41.21),(358,'2022-01-19','EI 604','10:25:00','13:00:00',15.33),(359,'2022-01-19','EI 483','10:50:00','13:50:00',68),(360,'2022-01-19','EI 681','10:55:00','12:15:00',72.47),(361,'2022-01-19','EI 333','11:20:00','12:50:00',58.98),(362,'2022-01-19','EI 644','11:20:00','14:50:00',40.83),(363,'2022-01-19','EI 593','11:45:00','13:30:00',35.45),(364,'2022-01-19','EI 661','11:45:00','13:50:00',45.92),(365,'2022-01-19','EI 433','11:50:00','13:30:00',38.07),(366,'2022-01-19','EI 159','12:15:00','13:40:00',63.39),(367,'2022-01-19','EI 605','13:45:00','14:25:00',44.54),(368,'2022-01-19','EI 645','15:40:00','17:20:00',114.29),(369,'2022-01-19','EI 676','16:20:00','20:20:00',38.33),(370,'2022-01-19','EI 677','21:10:00','23:25:00',38.33),(371,'2022-01-20','EI 520','06:40:00','09:25:00',32.83),(372,'2022-01-20','EI 630','06:50:00','09:30:00',18.06),(373,'2022-01-20','EI 680','06:55:00','10:10:00',92.83),(374,'2022-01-20','EI 332','07:05:00','10:30:00',34.83),(375,'2022-01-20','EI 592','07:10:00','10:55:00',24.33),(376,'2022-01-20','EI 432','07:15:00','11:00:00',48.83),(377,'2022-01-20','EI 482','07:15:00','10:00:00',35.83),(378,'2022-01-20','EI 158','10:00:00','11:20:00',38.33),(379,'2022-01-20','EI 521','10:05:00','11:00:00',57),(380,'2022-01-20','EI 631','10:20:00','11:05:00',70.21),(381,'2022-01-20','EI 604','10:25:00','13:00:00',48.83),(382,'2022-01-20','EI 483','10:50:00','13:50:00',68),(383,'2022-01-20','EI 681','10:55:00','12:15:00',72.47),(384,'2022-01-20','EI 333','11:20:00','12:50:00',58.98),(385,'2022-01-20','EI 593','11:45:00','13:30:00',35.45),(386,'2022-01-20','EI 433','11:50:00','13:30:00',38.07),(387,'2022-01-20','EI 159','12:15:00','13:40:00',63.39),(388,'2022-01-20','EI 605','13:45:00','14:25:00',44.54),(389,'2022-01-21','EI 520','06:40:00','09:25:00',67.83),(390,'2022-01-21','EI 680','06:55:00','10:10:00',50.33),(391,'2022-01-21','EI 332','07:05:00','10:30:00',34.83),(392,'2022-01-21','EI 592','07:05:00','10:55:00',56.83),(393,'2022-01-21','EI 660','07:05:00','10:55:00',13.83),(394,'2022-01-21','EI 432','07:15:00','11:00:00',48.83),(395,'2022-01-21','EI 158','10:00:00','11:20:00',38.33),(396,'2022-01-21','EI 521','10:05:00','11:00:00',57),(397,'2022-01-21','EI 604','10:25:00','13:00:00',88.83),(398,'2022-01-21','EI 681','10:55:00','12:15:00',88.97),(399,'2022-01-21','EI 333','11:20:00','12:50:00',58.98),(400,'2022-01-21','EI 644','11:20:00','14:50:00',40.83),(401,'2022-01-21','EI 593','11:45:00','13:30:00',35.45),(402,'2022-01-21','EI 661','11:45:00','13:50:00',45.92),(403,'2022-01-21','EI 433','11:50:00','13:30:00',38.07),(404,'2022-01-21','EI 159','12:15:00','13:40:00',63.39),(405,'2022-01-21','EI 605','13:45:00','14:25:00',44.54),(406,'2022-01-21','EI 645','15:40:00','17:20:00',114.29),(407,'2022-01-21','EI 676','16:20:00','20:20:00',38.33),(408,'2022-01-21','EI 677','21:10:00','23:25:00',38.33),(409,'2022-01-22','EI 680','06:30:00','09:40:00',115.83),(410,'2022-01-22','EI 520','06:40:00','09:25:00',32.83),(411,'2022-01-22','EI 630','06:50:00','09:30:00',18.06),(412,'2022-01-22','EI 332','07:05:00','10:30:00',34.83),(413,'2022-01-22','EI 592','07:05:00','10:55:00',24.33),(414,'2022-01-22','EI 432','07:15:00','11:00:00',50.83),(415,'2022-01-22','EI 482','07:15:00','10:00:00',35.83),(416,'2022-01-22','EI 158','10:00:00','11:20:00',38.33),(417,'2022-01-22','EI 521','10:05:00','11:00:00',77),(418,'2022-01-22','EI 631','10:20:00','11:05:00',41.21),(419,'2022-01-22','EI 604','10:25:00','13:00:00',78.83),(420,'2022-01-22','EI 681','10:30:00','11:55:00',209.97),(421,'2022-01-22','EI 483','10:50:00','13:50:00',56),(422,'2022-01-22','EI 333','11:20:00','12:50:00',58.98),(423,'2022-01-22','EI 593','11:45:00','13:30:00',35.45),(424,'2022-01-22','EI 433','11:50:00','13:30:00',38.07),(425,'2022-01-22','EI 159','12:15:00','13:40:00',63.39),(426,'2022-01-22','EI 605','13:45:00','14:25:00',93.04),(427,'2022-01-23','EI 520','06:40:00','09:25:00',32.83),(428,'2022-01-23','EI 680','06:55:00','10:10:00',50.33),(429,'2022-01-23','EI 332','07:05:00','10:30:00',34.83),(430,'2022-01-23','EI 592','07:05:00','10:55:00',24.33),(431,'2022-01-23','EI 660','07:10:00','11:00:00',13.83),(432,'2022-01-23','EI 432','07:15:00','11:00:00',21.33),(433,'2022-01-23','EI 158','10:00:00','11:20:00',38.33),(434,'2022-01-23','EI 521','10:05:00','11:00:00',82),(435,'2022-01-23','EI 604','10:25:00','13:00:00',15.33),(436,'2022-01-23','EI 681','10:55:00','12:15:00',94.97),(437,'2022-01-23','EI 333','11:20:00','12:50:00',58.98),(438,'2022-01-23','EI 644','11:20:00','14:50:00',40.83),(439,'2022-01-23','EI 593','11:45:00','13:30:00',67.95),(440,'2022-01-23','EI 433','11:50:00','13:30:00',38.07),(441,'2022-01-23','EI 661','11:50:00','13:50:00',45.92),(442,'2022-01-23','EI 159','12:15:00','13:40:00',63.39),(443,'2022-01-23','EI 605','13:45:00','14:25:00',197.04),(444,'2022-01-23','EI 645','15:40:00','17:20:00',114.29),(445,'2022-01-23','EI 676','16:20:00','20:20:00',38.33),(446,'2022-01-23','EI 677','21:10:00','23:25:00',38.33),(447,'2022-01-24','EI 520','06:40:00','09:25:00',32.83),(448,'2022-01-24','EI 630','06:50:00','09:30:00',18.06),(449,'2022-01-24','EI 680','06:55:00','10:10:00',50.33),(450,'2022-01-24','EI 332','07:05:00','10:30:00',34.83),(451,'2022-01-24','EI 592','07:05:00','10:55:00',24.33),(452,'2022-01-24','EI 432','07:15:00','11:00:00',21.33),(453,'2022-01-24','EI 482','07:15:00','10:00:00',35.83),(454,'2022-01-24','EI 158','10:00:00','11:20:00',38.33),(455,'2022-01-24','EI 521','10:05:00','11:00:00',92),(456,'2022-01-24','EI 631','10:20:00','11:05:00',41.21),(457,'2022-01-24','EI 604','10:25:00','13:00:00',15.33),(458,'2022-01-24','EI 483','10:50:00','13:50:00',56),(459,'2022-01-24','EI 681','10:55:00','12:15:00',94.97),(460,'2022-01-24','EI 333','11:20:00','12:50:00',58.98),(461,'2022-01-24','EI 593','11:45:00','13:30:00',35.45),(462,'2022-01-24','EI 433','11:50:00','13:30:00',38.07),(463,'2022-01-24','EI 159','12:15:00','13:40:00',63.39),(464,'2022-01-24','EI 605','13:45:00','14:25:00',83.04),(465,'2022-01-25','EI 520','06:40:00','09:25:00',32.83),(466,'2022-01-25','EI 630','06:50:00','09:30:00',18.06),(467,'2022-01-25','EI 680','06:55:00','10:10:00',50.33),(468,'2022-01-25','EI 332','07:05:00','10:30:00',34.83),(469,'2022-01-25','EI 592','07:05:00','10:55:00',24.33),(470,'2022-01-25','EI 432','07:15:00','11:00:00',21.33),(471,'2022-01-25','EI 482','07:15:00','10:00:00',35.83),(472,'2022-01-25','EI 158','10:00:00','11:20:00',38.33),(473,'2022-01-25','EI 521','10:05:00','11:00:00',57),(474,'2022-01-25','EI 631','10:20:00','11:05:00',41.21),(475,'2022-01-25','EI 604','10:25:00','13:00:00',15.33),(476,'2022-01-25','EI 483','10:50:00','13:50:00',56),(477,'2022-01-25','EI 681','10:55:00','12:15:00',72.47),(478,'2022-01-25','EI 333','11:20:00','12:50:00',58.98),(479,'2022-01-25','EI 593','11:45:00','13:30:00',35.45),(480,'2022-01-25','EI 433','11:50:00','13:30:00',38.07),(481,'2022-01-25','EI 159','12:15:00','13:40:00',63.39),(482,'2022-01-25','EI 605','13:45:00','14:25:00',44.54),(483,'2022-01-26','EI 520','06:40:00','09:25:00',32.83),(484,'2022-01-26','EI 630','06:50:00','09:30:00',18.06),(485,'2022-01-26','EI 680','06:55:00','10:10:00',92.83),(486,'2022-01-26','EI 332','07:05:00','10:30:00',34.83),(487,'2022-01-26','EI 592','07:05:00','10:55:00',24.33),(488,'2022-01-26','EI 660','07:10:00','11:00:00',13.83),(489,'2022-01-26','EI 432','07:15:00','11:00:00',21.33),(490,'2022-01-26','EI 482','07:15:00','10:00:00',35.83),(491,'2022-01-26','EI 158','10:00:00','11:20:00',38.33),(492,'2022-01-26','EI 521','10:05:00','11:00:00',57),(493,'2022-01-26','EI 631','10:20:00','11:05:00',41.21),(494,'2022-01-26','EI 604','10:25:00','13:00:00',15.33),(495,'2022-01-26','EI 483','10:50:00','13:50:00',56),(496,'2022-01-26','EI 681','10:55:00','12:15:00',72.47),(497,'2022-01-26','EI 333','11:20:00','12:50:00',58.98),(498,'2022-01-26','EI 644','11:20:00','14:50:00',40.83),(499,'2022-01-26','EI 593','11:45:00','13:30:00',35.45),(500,'2022-01-26','EI 661','11:45:00','13:50:00',45.92),(501,'2022-01-26','EI 433','11:50:00','13:30:00',38.07),(502,'2022-01-26','EI 159','12:15:00','13:40:00',63.39),(503,'2022-01-26','EI 605','13:45:00','14:25:00',44.54),(504,'2022-01-26','EI 645','15:40:00','17:20:00',114.29),(505,'2022-01-26','EI 676','16:20:00','20:20:00',38.33),(506,'2022-01-26','EI 677','21:10:00','23:25:00',38.33),(507,'2022-01-27','EI 520','06:40:00','09:25:00',32.83),(508,'2022-01-27','EI 630','06:50:00','09:30:00',18.06),(509,'2022-01-27','EI 680','06:55:00','10:10:00',92.83),(510,'2022-01-27','EI 332','07:05:00','10:30:00',49.33),(511,'2022-01-27','EI 592','07:10:00','10:55:00',24.33),(512,'2022-01-27','EI 432','07:15:00','11:00:00',21.33),(513,'2022-01-27','EI 482','07:15:00','10:00:00',35.83),(514,'2022-01-27','EI 158','10:00:00','11:20:00',38.33),(515,'2022-01-27','EI 521','10:05:00','11:00:00',57),(516,'2022-01-27','EI 631','10:20:00','11:05:00',41.21),(517,'2022-01-27','EI 604','10:25:00','13:00:00',48.83),(518,'2022-01-27','EI 483','10:50:00','13:50:00',56),(519,'2022-01-27','EI 681','10:55:00','12:15:00',72.47),(520,'2022-01-27','EI 333','11:20:00','12:50:00',58.98),(521,'2022-01-27','EI 593','11:45:00','13:30:00',35.45),(522,'2022-01-27','EI 433','11:50:00','13:30:00',38.07),(523,'2022-01-27','EI 159','12:15:00','13:40:00',63.39),(524,'2022-01-27','EI 605','13:45:00','14:25:00',78.04),(525,'2022-01-28','EI 520','06:40:00','09:25:00',57.83),(526,'2022-01-28','EI 680','06:55:00','10:10:00',102.83),(527,'2022-01-28','EI 332','07:05:00','10:30:00',71.33),(528,'2022-01-28','EI 592','07:05:00','10:55:00',50.83),(529,'2022-01-28','EI 660','07:05:00','10:55:00',13.83),(530,'2022-01-28','EI 432','07:15:00','11:00:00',48.83),(531,'2022-01-28','EI 158','10:00:00','11:20:00',38.33),(532,'2022-01-28','EI 521','10:05:00','11:00:00',57),(533,'2022-01-28','EI 604','10:25:00','13:00:00',78.83),(534,'2022-01-28','EI 681','10:55:00','12:15:00',104.97),(535,'2022-01-28','EI 333','11:20:00','12:50:00',58.98),(536,'2022-01-28','EI 644','11:20:00','14:50:00',40.83),(537,'2022-01-28','EI 593','11:45:00','13:30:00',35.45),(538,'2022-01-28','EI 661','11:45:00','13:50:00',45.92),(539,'2022-01-28','EI 433','11:50:00','13:30:00',38.07),(540,'2022-01-28','EI 159','12:15:00','13:40:00',63.39),(541,'2022-01-28','EI 605','13:45:00','14:25:00',44.54),(542,'2022-01-28','EI 645','15:40:00','17:20:00',114.29),(543,'2022-01-28','EI 676','16:20:00','20:20:00',38.33),(544,'2022-01-28','EI 677','21:10:00','23:25:00',38.33),(545,'2022-01-29','EI 680','06:30:00','09:40:00',129.83),(546,'2022-01-29','EI 520','06:40:00','09:25:00',32.83),(547,'2022-01-29','EI 630','06:50:00','09:30:00',57.06),(548,'2022-01-29','EI 332','07:05:00','10:30:00',34.83),(549,'2022-01-29','EI 592','07:05:00','10:55:00',24.33),(550,'2022-01-29','EI 432','07:15:00','11:00:00',48.83),(551,'2022-01-29','EI 482','07:15:00','10:00:00',35.83),(552,'2022-01-29','EI 158','10:00:00','11:20:00',38.33),(553,'2022-01-29','EI 521','10:05:00','11:00:00',57),(554,'2022-01-29','EI 631','10:20:00','11:05:00',41.21),(555,'2022-01-29','EI 604','10:25:00','13:00:00',15.33),(556,'2022-01-29','EI 681','10:30:00','11:55:00',151.97),(557,'2022-01-29','EI 483','10:50:00','13:50:00',56),(558,'2022-01-29','EI 333','11:20:00','12:50:00',58.98),(559,'2022-01-29','EI 593','11:45:00','13:30:00',35.45),(560,'2022-01-29','EI 433','11:50:00','13:30:00',67.57),(561,'2022-01-29','EI 159','12:15:00','13:40:00',63.39),(562,'2022-01-29','EI 605','13:45:00','14:25:00',44.54),(563,'2022-01-30','EI 520','06:40:00','09:25:00',32.83),(564,'2022-01-30','EI 680','06:55:00','10:10:00',66.83),(565,'2022-01-30','EI 332','07:05:00','10:30:00',34.83),(566,'2022-01-30','EI 592','07:05:00','10:55:00',24.33),(567,'2022-01-30','EI 660','07:10:00','11:00:00',13.83),(568,'2022-01-30','EI 432','07:15:00','11:00:00',21.3),(569,'2022-01-30','EI 158','10:00:00','11:20:00',38.33),(570,'2022-01-30','EI 521','10:05:00','11:00:00',87),(571,'2022-01-30','EI 604','10:25:00','13:00:00',15.33),(572,'2022-01-30','EI 681','10:55:00','12:15:00',88.97),(573,'2022-01-30','EI 333','11:20:00','12:50:00',58.98),(574,'2022-01-30','EI 644','11:20:00','14:50:00',40.83),(575,'2022-01-30','EI 593','11:45:00','13:30:00',67.95),(576,'2022-01-30','EI 433','11:50:00','13:30:00',38.07),(577,'2022-01-30','EI 661','11:50:00','13:50:00',45.92),(578,'2022-01-30','EI 159','12:15:00','13:40:00',63.39),(579,'2022-01-30','EI 605','13:45:00','14:25:00',44.54),(580,'2022-01-30','EI 645','15:40:00','17:20:00',114.29),(581,'2022-01-30','EI 676','16:20:00','20:20:00',38.33),(582,'2022-01-30','EI 677','21:10:00','23:25:00',38.33),(583,'2022-01-31','EI 520','06:40:00','09:25:00',32.83),(584,'2022-01-31','EI 630','06:50:00','09:30:00',18.06),(585,'2022-01-31','EI 680','06:55:00','10:10:00',50.33),(586,'2022-01-31','EI 332','07:05:00','10:30:00',34.83),(587,'2022-01-31','EI 592','07:05:00','10:55:00',24.33),(588,'2022-01-31','EI 432','07:15:00','11:00:00',18.63),(589,'2022-01-31','EI 482','07:15:00','10:00:00',35.83),(590,'2022-01-31','EI 158','10:00:00','11:20:00',38.33),(591,'2022-01-31','EI 521','10:05:00','11:00:00',117),(592,'2022-01-31','EI 631','10:20:00','11:05:00',41.21),(593,'2022-01-31','EI 604','10:25:00','13:00:00',15.33),(594,'2022-01-31','EI 483','10:50:00','13:50:00',56),(595,'2022-01-31','EI 681','10:55:00','12:15:00',82.97),(596,'2022-01-31','EI 333','11:20:00','12:50:00',58.98),(597,'2022-01-31','EI 593','11:45:00','13:30:00',67.95),(598,'2022-01-31','EI 433','11:50:00','13:30:00',38.07),(599,'2022-01-31','EI 159','12:15:00','13:40:00',63.39),(600,'2022-01-31','EI 605','13:45:00','14:25:00',44.54);
/*!40000 ALTER TABLE `schedules` ENABLE KEYS */;
UNLOCK TABLES;

--
-- Table structure for table `seats`
--

DROP TABLE IF EXISTS `seats`;
/*!40101 SET @saved_cs_client     = @@character_set_client */;
/*!50503 SET character_set_client = utf8mb4 */;
CREATE TABLE `seats` (
  `seat_number` varchar(3) NOT NULL,
  `class_name` varchar(15) NOT NULL,
  PRIMARY KEY (`seat_number`),
  UNIQUE KEY `seat_number_UNIQUE` (`seat_number`),
  KEY `class_idx` (`class_name`),
  CONSTRAINT `class` FOREIGN KEY (`class_name`) REFERENCES `classes` (`class_name`)
) ENGINE=InnoDB DEFAULT CHARSET=utf8mb4 COLLATE=utf8mb4_0900_ai_ci;
/*!40101 SET character_set_client = @saved_cs_client */;

--
-- Dumping data for table `seats`
--

LOCK TABLES `seats` WRITE;
/*!40000 ALTER TABLE `seats` DISABLE KEYS */;
INSERT INTO `seats` VALUES ('1A','Business'),('2B','Business'),('3C','Business'),('10D','Economy'),('6F','Economy'),('7A','Economy'),('8B','Economy'),('9C','Economy'),('4D','Extra Legroom'),('5E','Extra Legroom');
/*!40000 ALTER TABLE `seats` ENABLE KEYS */;
UNLOCK TABLES;

--
-- Dumping events for database 'flights'
--

--
-- Dumping routines for database 'flights'
--

--
-- Final view structure for view `flight_details`
--

/*!50001 DROP VIEW IF EXISTS `flight_details`*/;
/*!50001 SET @saved_cs_client          = @@character_set_client */;
/*!50001 SET @saved_cs_results         = @@character_set_results */;
/*!50001 SET @saved_col_connection     = @@collation_connection */;
/*!50001 SET character_set_client      = utf8mb4 */;
/*!50001 SET character_set_results     = utf8mb4 */;
/*!50001 SET collation_connection      = utf8mb4_0900_ai_ci */;
/*!50001 CREATE ALGORITHM=UNDEFINED */
/*!50013 DEFINER=`root`@`localhost` SQL SECURITY DEFINER */
/*!50001 VIEW `flight_details` AS select `sc`.`flight_date` AS `flight_date`,dayname(`sc`.`flight_date`) AS `dayname`,`sc`.`flight_number` AS `flight_number`,`r`.`from_airport_code` AS `from_airport_code`,`from_airports`.`city` AS `from_city`,`r`.`to_airport_code` AS `to_airport_code`,`to_airports`.`city` AS `to_city`,`sc`.`departure_time` AS `departure_time`,`sc`.`arrival_time` AS `arrival_time`,cast(timediff((`sc`.`arrival_time` - `to_airports`.`utc`),(`sc`.`departure_time` - `from_airports`.`utc`)) as time) AS `duration`,cast((`sc`.`base_price` * `c`.`price_multiplier`) as decimal(7,2)) AS `price`,`se`.`class_name` AS `class`,count(`av`.`availability`) AS `available_seats` from ((((((`schedules` `sc` join `routes` `r` on((`sc`.`flight_number` = `r`.`flight_number`))) join `availabilities` `av` on((`sc`.`schedule_id` = `av`.`schedule_id`))) join `seats` `se` on((`av`.`seat_number` = `se`.`seat_number`))) join `classes` `c` on((`se`.`class_name` = `c`.`class_name`))) left join `airports` `from_airports` on((`r`.`from_airport_code` = `from_airports`.`airport_code`))) left join `airports` `to_airports` on((`r`.`to_airport_code` = `to_airports`.`airport_code`))) where (`av`.`availability` = true) group by `sc`.`flight_date`,`sc`.`flight_number`,`se`.`class_name` */;
/*!50001 SET character_set_client      = @saved_cs_client */;
/*!50001 SET character_set_results     = @saved_cs_results */;
/*!50001 SET collation_connection      = @saved_col_connection */;

--
-- Final view structure for view `flight_revenues`
--

/*!50001 DROP VIEW IF EXISTS `flight_revenues`*/;
/*!50001 SET @saved_cs_client          = @@character_set_client */;
/*!50001 SET @saved_cs_results         = @@character_set_results */;
/*!50001 SET @saved_col_connection     = @@collation_connection */;
/*!50001 SET character_set_client      = utf8mb4 */;
/*!50001 SET character_set_results     = utf8mb4 */;
/*!50001 SET collation_connection      = utf8mb4_0900_ai_ci */;
/*!50001 CREATE ALGORITHM=UNDEFINED */
/*!50013 DEFINER=`root`@`localhost` SQL SECURITY DEFINER */
/*!50001 VIEW `flight_revenues` AS select `sc`.`schedule_id` AS `schedule_id`,`sc`.`flight_date` AS `flight_date`,`sc`.`flight_number` AS `flight_number`,cast(sum((`sc`.`base_price` * `c`.`price_multiplier`)) as decimal(7,2)) AS `revenue_per_flight` from (((`availabilities` `av` join `schedules` `sc` on((`av`.`schedule_id` = `sc`.`schedule_id`))) join `seats` `se` on((`av`.`seat_number` = `se`.`seat_number`))) join `classes` `c` on((`se`.`class_name` = `c`.`class_name`))) where (`av`.`availability` = false) group by `sc`.`flight_date`,`sc`.`flight_number` */;
/*!50001 SET character_set_client      = @saved_cs_client */;
/*!50001 SET character_set_results     = @saved_cs_results */;
/*!50001 SET collation_connection      = @saved_col_connection */;
/*!40103 SET TIME_ZONE=@OLD_TIME_ZONE */;

/*!40101 SET SQL_MODE=@OLD_SQL_MODE */;
/*!40014 SET FOREIGN_KEY_CHECKS=@OLD_FOREIGN_KEY_CHECKS */;
/*!40014 SET UNIQUE_CHECKS=@OLD_UNIQUE_CHECKS */;
/*!40101 SET CHARACTER_SET_CLIENT=@OLD_CHARACTER_SET_CLIENT */;
/*!40101 SET CHARACTER_SET_RESULTS=@OLD_CHARACTER_SET_RESULTS */;
/*!40101 SET COLLATION_CONNECTION=@OLD_COLLATION_CONNECTION */;
/*!40111 SET SQL_NOTES=@OLD_SQL_NOTES */;

-- Dump completed on 2021-12-30 18:46:15
