schedule_id,flight_date,flight_number,departure_time,arrival_time,base_price
1,2022-01-01,EI 680,06:30:00,09:40:00,207.83
2,2022-01-01,EI 520,06:40:00,09:25:00,62.83
3,2022-01-01,EI 630,06:50:00,09:30:00,52.06
4,2022-01-01,EI 332,07:05:00,10:30:00,81.33
5,2022-01-01,EI 592,07:05:00,10:55:00,24.33
6,2022-01-01,EI 432,07:15:00,11:00:00,98.83
7,2022-01-01,EI 482,07:15:00,10:00:00,47.83
8,2022-01-01,EI 158,10:00:00,11:20:00,146.83
9,2022-01-01,EI 521,10:05:00,11:00:00,82
10,2022-01-01,EI 631,10:20:00,11:05:00,80.21
11,2022-01-01,EI 604,10:25:00,13:00:00,53.83
12,2022-01-01,EI 681,10:30:00,11:55:00,88.97
13,2022-01-01,EI 483,10:50:00,13:50:00,94
14,2022-01-01,EI 333,11:20:00,12:50:00,85.48
15,2022-01-01,EI 593,11:45:00,13:30:00,178.95
16,2022-01-01,EI 433,11:50:00,13:30:00,147.57
17,2022-01-01,EI 159,12:15:00,13:40:00,102.89
18,2022-01-01,EI 605,13:45:00,14:25:00,88.04
19,2022-01-02,EI 520,06:40:00,09:25:00,92.83
20,2022-01-02,EI 680,06:55:00,10:10:00,427.83
21,2022-01-02,EI 332,07:05:00,10:30:00,171.33
22,2022-01-02,EI 592,07:05:00,10:55:00,82.83
23,2022-01-02,EI 660,07:10:00,11:00:00,69.83
24,2022-01-02,EI 432,07:15:00,11:00:00,98.83
25,2022-01-02,EI 158,10:00:00,11:20:00,186.83
26,2022-01-02,EI 521,10:05:00,11:00:00,107
27,2022-01-02,EI 604,10:25:00,13:00:00,63.83
28,2022-01-02,EI 681,10:55:00,12:15:00,349.97
29,2022-01-02,EI 333,11:20:00,12:50:00,115.48
30,2022-01-02,EI 644,11:20:00,14:50:00,85.83
31,2022-01-02,EI 593,11:45:00,13:30:00,258.95
32,2022-01-02,EI 433,11:50:00,13:30:00,147.57
33,2022-01-02,EI 661,11:50:00,13:50:00,111.92
34,2022-01-02,EI 159,12:15:00,13:40:00,97.89
35,2022-01-02,EI 605,13:45:00,14:25:00,78.04
36,2022-01-02,EI 645,15:40:00,17:20:00,144.29
37,2022-01-02,EI 676,16:20:00,20:20:00,75.83
38,2022-01-02,EI 677,21:10:00,23:25:00,169.03
39,2022-01-03,EI 520,06:40:00,09:25:00,92.83
40,2022-01-03,EI 630,06:50:00,09:30:00,166.06
41,2022-01-03,EI 680,06:55:00,10:10:00,172.83
42,2022-01-03,EI 332,07:05:00,10:30:00,95.48
43,2022-01-03,EI 592,07:05:00,10:55:00,50.83
44,2022-01-03,EI 432,07:15:00,11:00:00,76.83
45,2022-01-03,EI 482,07:15:00,10:00:00,73.83
46,2022-01-03,EI 158,10:00:00,11:20:00,146.83
47,2022-01-03,EI 521,10:05:00,11:00:00,117
48,2022-01-03,EI 631,10:20:00,11:05:00,169.21
49,2022-01-03,EI 604,10:25:00,13:00:00,53.83
50,2022-01-03,EI 483,10:50:00,13:50:00,148
51,2022-01-03,EI 681,10:55:00,12:15:00,449.97
52,2022-01-03,EI 333,11:20:00,12:50:00,115.48
53,2022-01-03,EI 593,11:45:00,13:30:00,238.95
54,2022-01-03,EI 433,11:50:00,13:30:00,147.57
55,2022-01-03,EI 159,12:15:00,13:40:00,92.89
56,2022-01-03,EI 605,13:45:00,14:25:00,44.54
57,2022-01-04,EI 520,06:40:00,09:25:00,52.83
58,2022-01-04,EI 630,06:50:00,09:30:00,106.06
59,2022-01-04,EI 680,06:55:00,10:10:00,102.83
60,2022-01-04,EI 332,07:05:00,10:30:00,91.33
61,2022-01-04,EI 592,07:05:00,10:55:00,50.83
62,2022-01-04,EI 432,07:15:00,11:00:00,21.33
63,2022-01-04,EI 482,07:15:00,10:00:00,35.83
64,2022-01-04,EI 158,10:00:00,11:20:00,97.83
65,2022-01-04,EI 521,10:05:00,11:00:00,107
66,2022-01-04,EI 631,10:20:00,11:05:00,110.21
67,2022-01-04,EI 604,10:25:00,13:00:00,48.83
68,2022-01-04,EI 483,10:50:00,13:50:00,136
69,2022-01-04,EI 681,10:55:00,12:15:00,249.97
70,2022-01-04,EI 333,11:20:00,12:50:00,105.48
71,2022-01-04,EI 593,11:45:00,13:30:00,198.95
72,2022-01-04,EI 433,11:50:00,13:30:00,135.57
73,2022-01-04,EI 159,12:15:00,13:40:00,63.39
74,2022-01-04,EI 605,13:45:00,14:25:00,44.54
75,2022-01-05,EI 520,06:40:00,09:25:00,32.83
76,2022-01-05,EI 630,06:50:00,09:30:00,47.06
77,2022-01-05,EI 680,06:55:00,10:10:00,72.83
78,2022-01-05,EI 332,07:05:00,10:30:00,71.33
79,2022-01-05,EI 592,07:05:00,10:55:00,24.33
80,2022-01-05,EI 660,07:10:00,11:00:00,13.83
81,2022-01-05,EI 432,07:15:00,11:00:00,21.33
82,2022-01-05,EI 482,07:15:00,10:00:00,35.83
83,2022-01-05,EI 158,10:00:00,11:20:00,38.33
84,2022-01-05,EI 521,10:05:00,11:00:00,82
85,2022-01-05,EI 631,10:20:00,11:05:00,85.21
86,2022-01-05,EI 604,10:25:00,13:00:00,48.83
87,2022-01-05,EI 483,10:50:00,13:50:00,104
88,2022-01-05,EI 681,10:55:00,12:15:00,137.97
89,2022-01-05,EI 333,11:20:00,12:50:00,85.48
90,2022-01-05,EI 644,11:20:00,14:50:00,40.83
91,2022-01-05,EI 593,11:45:00,13:30:00,148.95
92,2022-01-05,EI 661,11:45:00,13:50:00,151.92
93,2022-01-05,EI 433,11:50:00,13:30:00,115.57
94,2022-01-05,EI 159,12:15:00,13:40:00,63.39
95,2022-01-05,EI 605,13:45:00,14:25:00,44.54
96,2022-01-05,EI 645,15:40:00,17:20:00,144.29
97,2022-01-05,EI 676,16:20:00,20:20:00,38.33
98,2022-01-05,EI 677,21:10:00,23:25:00,149.03
99,2022-01-06,EI 520,06:40:00,09:25:00,32.83
100,2022-01-06,EI 630,06:50:00,09:30:00,18.06
101,2022-01-06,EI 680,06:55:00,10:10:00,129.83
102,2022-01-06,EI 332,07:05:00,10:30:00,55.33
103,2022-01-06,EI 592,07:10:00,10:55:00,24.33
104,2022-01-06,EI 432,07:15:00,11:00:00,21.33
105,2022-01-06,EI 482,07:15:00,10:00:00,35.83
106,2022-01-06,EI 158,10:00:00,11:20:00,38.33
107,2022-01-06,EI 521,10:05:00,11:00:00,77
108,2022-01-06,EI 631,10:20:00,11:05:00,71.21
109,2022-01-06,EI 604,10:25:00,13:00:00,15.33
110,2022-01-06,EI 483,10:50:00,13:50:00,68
111,2022-01-06,EI 681,10:55:00,12:15:00,94.97
112,2022-01-06,EI 333,11:20:00,12:50:00,58.98
113,2022-01-06,EI 593,11:45:00,13:30:00,148.95
114,2022-01-06,EI 433,11:50:00,13:30:00,93.57
115,2022-01-06,EI 159,12:15:00,13:40:00,63.39
116,2022-01-06,EI 605,13:45:00,14:25:00,44.54
117,2022-01-07,EI 520,06:40:00,09:25:00,32.83
118,2022-01-07,EI 680,06:55:00,10:10:00,102.83
119,2022-01-07,EI 332,07:05:00,10:30:00,61.33
120,2022-01-07,EI 592,07:05:00,10:55:00,24.33
121,2022-01-07,EI 660,07:05:00,10:55:00,13.83
122,2022-01-07,EI 432,07:15:00,11:00:00,21.33
123,2022-01-07,EI 158,10:00:00,11:20:00,38.33
124,2022-01-07,EI 521,10:05:00,11:00:00,87
125,2022-01-07,EI 604,10:25:00,13:00:00,53.83
126,2022-01-07,EI 681,10:55:00,12:15:00,124.97
127,2022-01-07,EI 333,11:20:00,12:50:00,85.48
128,2022-01-07,EI 644,11:20:00,14:50:00,53.83
129,2022-01-07,EI 593,11:45:00,13:30:00,218.95
130,2022-01-07,EI 661,11:45:00,13:50:00,45.92
131,2022-01-07,EI 433,11:50:00,13:30:00,93.57
132,2022-01-07,EI 159,12:15:00,13:40:00,63.39
133,2022-01-07,EI 605,13:45:00,14:25:00,44.54
134,2022-01-07,EI 645,15:40:00,17:20:00,94.29
135,2022-01-07,EI 676,16:20:00,20:20:00,38.33
136,2022-01-07,EI 677,21:10:00,23:25:00,89.03
137,2022-01-08,EI 680,06:30:00,09:40:00,207.83
138,2022-01-08,EI 520,06:40:00,09:25:00,32.83
139,2022-01-08,EI 630,06:50:00,09:30:00,52.06
140,2022-01-08,EI 332,07:05:00,10:30:00,34.83
141,2022-01-08,EI 592,07:05:00,10:55:00,24.33
142,2022-01-08,EI 432,07:15:00,11:00:00,272.83
143,2022-01-08,EI 482,07:15:00,10:00:00,35.83
144,2022-01-08,EI 158,10:00:00,11:20:00,67.83
145,2022-01-08,EI 521,10:05:00,11:00:00,76
146,2022-01-08,EI 631,10:20:00,11:05:00,75.21
147,2022-01-08,EI 604,10:25:00,13:00:00,15.33
148,2022-01-08,EI 681,10:30:00,11:55:00,249.97
149,2022-01-08,EI 483,10:50:00,13:50:00,66
150,2022-01-08,EI 333,11:20:00,12:50:00,85.48
151,2022-01-08,EI 593,11:45:00,13:30:00,279.95
152,2022-01-08,EI 433,11:50:00,13:30:00,93.57
153,2022-01-08,EI 159,12:15:00,13:40:00,63.39
154,2022-01-08,EI 605,13:45:00,14:25:00,44.54
155,2022-01-09,EI 520,06:40:00,09:25:00,32.83
156,2022-01-09,EI 680,06:55:00,10:10:00,227.83
157,2022-01-09,EI 332,07:05:00,10:30:00,34.83
158,2022-01-09,EI 592,07:05:00,10:55:00,24.33
159,2022-01-09,EI 660,07:10:00,11:00:00,13.83
160,2022-01-09,EI 432,07:15:00,11:00:00,66.83
161,2022-01-09,EI 158,10:00:00,11:20:00,38.33
162,2022-01-09,EI 521,10:05:00,11:00:00,92
163,2022-01-09,EI 604,10:25:00,13:00:00,58.83
164,2022-01-09,EI 681,10:55:00,12:15:00,449.97
165,2022-01-09,EI 333,11:20:00,12:50:00,85.48
166,2022-01-09,EI 644,11:20:00,14:50:00,40.83
167,2022-01-09,EI 593,11:45:00,13:30:00,279.95
168,2022-01-09,EI 433,11:50:00,13:30:00,135.57
169,2022-01-09,EI 661,11:50:00,13:50:00,45.92
170,2022-01-09,EI 159,12:15:00,13:40:00,63.39
171,2022-01-09,EI 605,13:45:00,14:25:00,83.04
172,2022-01-09,EI 645,15:40:00,17:20:00,114.29
173,2022-01-09,EI 676,16:20:00,20:20:00,38.33
174,2022-01-09,EI 677,21:10:00,23:25:00,133.03
175,2022-01-10,EI 520,06:40:00,09:25:00,62.83
176,2022-01-10,EI 630,06:50:00,09:30:00,126.06
177,2022-01-10,EI 680,06:55:00,10:10:00,115.83
178,2022-01-10,EI 332,07:05:00,10:30:00,34.83
179,2022-01-10,EI 592,07:05:00,10:55:00,24.33
180,2022-01-10,EI 432,07:15:00,11:00:00,66.83
181,2022-01-10,EI 482,07:15:00,10:00:00,35.83
182,2022-01-10,EI 158,10:00:00,11:20:00,38.33
183,2022-01-10,EI 521,10:05:00,11:00:00,92
184,2022-01-10,EI 631,10:20:00,11:05:00,70.21
185,2022-01-10,EI 604,10:25:00,13:00:00,15.33
186,2022-01-10,EI 483,10:50:00,13:50:00,68
187,2022-01-10,EI 681,10:55:00,12:15:00,166.97
188,2022-01-10,EI 333,11:20:00,12:50:00,73.48
189,2022-01-10,EI 593,11:45:00,13:30:00,218.95
190,2022-01-10,EI 433,11:50:00,13:30:00,93.57
191,2022-01-10,EI 159,12:15:00,13:40:00,63.39
192,2022-01-10,EI 605,13:45:00,14:25:00,44.54
193,2022-01-11,EI 520,06:40:00,09:25:00,32.83
194,2022-01-11,EI 630,06:50:00,09:30:00,47.06
195,2022-01-11,EI 680,06:55:00,10:10:00,115.83
196,2022-01-11,EI 332,07:05:00,10:30:00,34.83
197,2022-01-11,EI 592,07:05:00,10:55:00,24.33
198,2022-01-11,EI 432,07:15:00,11:00:00,48.83
199,2022-01-11,EI 482,07:15:00,10:00:00,35.83
200,2022-01-11,EI 158,10:00:00,11:20:00,38.33
201,2022-01-11,EI 521,10:05:00,11:00:00,82
202,2022-01-11,EI 631,10:20:00,11:05:00,41.21
203,2022-01-11,EI 604,10:25:00,13:00:00,15.33
204,2022-01-11,EI 483,10:50:00,13:50:00,68
205,2022-01-11,EI 681,10:55:00,12:15:00,166.97
206,2022-01-11,EI 333,11:20:00,12:50:00,58.98
207,2022-01-11,EI 593,11:45:00,13:30:00,218.95
208,2022-01-11,EI 433,11:50:00,13:30:00,65.57
209,2022-01-11,EI 159,12:15:00,13:40:00,63.39
210,2022-01-11,EI 605,13:45:00,14:25:00,44.54
211,2022-01-12,EI 520,06:40:00,09:25:00,32.83
212,2022-01-12,EI 630,06:50:00,09:30:00,87.06
213,2022-01-12,EI 680,06:55:00,10:10:00,247.83
214,2022-01-12,EI 332,07:05:00,10:30:00,34.83
215,2022-01-12,EI 592,07:05:00,10:55:00,24.33
216,2022-01-12,EI 660,07:10:00,11:00:00,13.83
217,2022-01-12,EI 432,07:15:00,11:00:00,48.83
218,2022-01-12,EI 482,07:15:00,10:00:00,35.83
219,2022-01-12,EI 158,10:00:00,11:20:00,38.33
220,2022-01-12,EI 521,10:05:00,11:00:00,87
221,2022-01-12,EI 631,10:20:00,11:05:00,41.21
222,2022-01-12,EI 604,10:25:00,13:00:00,15.33
223,2022-01-12,EI 483,10:50:00,13:50:00,68
224,2022-01-12,EI 681,10:55:00,12:15:00,88.97
225,2022-01-12,EI 333,11:20:00,12:50:00,58.98
226,2022-01-12,EI 644,11:20:00,14:50:00,40.83
227,2022-01-12,EI 593,11:45:00,13:30:00,132.95
228,2022-01-12,EI 661,11:45:00,13:50:00,45.92
229,2022-01-12,EI 433,11:50:00,13:30:00,65.57
230,2022-01-12,EI 159,12:15:00,13:40:00,63.39
231,2022-01-12,EI 605,13:45:00,14:25:00,44.54
232,2022-01-12,EI 645,15:40:00,17:20:00,114.29
233,2022-01-12,EI 676,16:20:00,20:20:00,38.33
234,2022-01-12,EI 677,21:10:00,23:25:00,38.33
235,2022-01-13,EI 520,06:40:00,09:25:00,32.83
236,2022-01-13,EI 630,06:50:00,09:30:00,18.06
237,2022-01-13,EI 680,06:55:00,10:10:00,247.83
238,2022-01-13,EI 332,07:05:00,10:30:00,34.83
239,2022-01-13,EI 592,07:10:00,10:55:00,24.33
240,2022-01-13,EI 432,07:15:00,11:00:00,48.83
241,2022-01-13,EI 482,07:15:00,10:00:00,35.83
242,2022-01-13,EI 158,10:00:00,11:20:00,38.33
243,2022-01-13,EI 521,10:05:00,11:00:00,57
244,2022-01-13,EI 631,10:20:00,11:05:00,41.21
245,2022-01-13,EI 604,10:25:00,13:00:00,15.33
246,2022-01-13,EI 483,10:50:00,13:50:00,68
247,2022-01-13,EI 681,10:55:00,12:15:00,88.97
248,2022-01-13,EI 333,11:20:00,12:50:00,58.98
249,2022-01-13,EI 593,11:45:00,13:30:00,93.95
250,2022-01-13,EI 433,11:50:00,13:30:00,65.57
251,2022-01-13,EI 159,12:15:00,13:40:00,63.39
252,2022-01-13,EI 605,13:45:00,14:25:00,44.54
253,2022-01-14,EI 520,06:40:00,09:25:00,32.83
254,2022-01-14,EI 680,06:55:00,10:10:00,297.83
255,2022-01-14,EI 332,07:05:00,10:30:00,34.83
256,2022-01-14,EI 592,07:05:00,10:55:00,24.33
257,2022-01-14,EI 660,07:05:00,10:55:00,13.83
258,2022-01-14,EI 432,07:15:00,11:00:00,48.83
259,2022-01-14,EI 158,10:00:00,11:20:00,38.33
260,2022-01-14,EI 521,10:05:00,11:00:00,82
261,2022-01-14,EI 604,10:25:00,13:00:00,58.83
262,2022-01-14,EI 681,10:55:00,12:15:00,88.97
263,2022-01-14,EI 333,11:20:00,12:50:00,58.98
264,2022-01-14,EI 644,11:20:00,14:50:00,40.83
265,2022-01-14,EI 593,11:45:00,13:30:00,93.95
266,2022-01-14,EI 661,11:45:00,13:50:00,45.92
267,2022-01-14,EI 433,11:50:00,13:30:00,65.57
268,2022-01-14,EI 159,12:15:00,13:40:00,63.39
269,2022-01-14,EI 605,13:45:00,14:25:00,83.04
270,2022-01-14,EI 645,15:40:00,17:20:00,114.29
271,2022-01-14,EI 676,16:20:00,20:20:00,38.33
272,2022-01-14,EI 677,21:10:00,23:25:00,38.33
273,2022-01-15,EI 680,06:30:00,09:40:00,297.83
274,2022-01-15,EI 520,06:40:00,09:25:00,32.83
275,2022-01-15,EI 630,06:50:00,09:30:00,47.06
276,2022-01-15,EI 332,07:05:00,10:30:00,34.83
277,2022-01-15,EI 592,07:05:00,10:55:00,24.33
278,2022-01-15,EI 432,07:15:00,11:00:00,50.83
279,2022-01-15,EI 482,07:15:00,10:00:00,35.83
280,2022-01-15,EI 158,10:00:00,11:20:00,38.33
281,2022-01-15,EI 521,10:05:00,11:00:00,97
282,2022-01-15,EI 631,10:20:00,11:05:00,70.21
283,2022-01-15,EI 604,10:25:00,13:00:00,15.33
284,2022-01-15,EI 681,10:30:00,11:55:00,269.97
285,2022-01-15,EI 483,10:50:00,13:50:00,68
286,2022-01-15,EI 333,11:20:00,12:50:00,58.98
287,2022-01-15,EI 593,11:45:00,13:30:00,93.95
288,2022-01-15,EI 433,11:50:00,13:30:00,244.57
289,2022-01-15,EI 159,12:15:00,13:40:00,63.39
290,2022-01-15,EI 605,13:45:00,14:25:00,44.54
291,2022-01-16,EI 520,06:40:00,09:25:00,62.83
292,2022-01-16,EI 680,06:55:00,10:10:00,72.83
293,2022-01-16,EI 332,07:05:00,10:30:00,34.83
294,2022-01-16,EI 592,07:05:00,10:55:00,24.33
295,2022-01-16,EI 660,07:10:00,11:00:00,13.83
296,2022-01-16,EI 432,07:15:00,11:00:00,21.33
297,2022-01-16,EI 158,10:00:00,11:20:00,38.33
298,2022-01-16,EI 521,10:05:00,11:00:00,87
299,2022-01-16,EI 604,10:25:00,13:00:00,15.33
300,2022-01-16,EI 681,10:55:00,12:15:00,124.97
301,2022-01-16,EI 333,11:20:00,12:50:00,73.48
302,2022-01-16,EI 644,11:20:00,14:50:00,40.83
303,2022-01-16,EI 593,11:45:00,13:30:00,83.95
304,2022-01-16,EI 433,11:50:00,13:30:00,38.07
305,2022-01-16,EI 661,11:50:00,13:50:00,45.92
306,2022-01-16,EI 159,12:15:00,13:40:00,92.89
307,2022-01-16,EI 605,13:45:00,14:25:00,44.54
308,2022-01-16,EI 645,15:40:00,17:20:00,114.29
309,2022-01-16,EI 676,16:20:00,20:20:00,38.33
310,2022-01-16,EI 677,21:10:00,23:25:00,38.33
311,2022-01-17,EI 520,06:40:00,09:25:00,32.83
312,2022-01-17,EI 630,06:50:00,09:30:00,18.06
313,2022-01-17,EI 680,06:55:00,10:10:00,60.83
314,2022-01-17,EI 332,07:05:00,10:30:00,34.83
315,2022-01-17,EI 592,07:05:00,10:55:00,24.33
316,2022-01-17,EI 432,07:15:00,11:00:00,21.33
317,2022-01-17,EI 482,07:15:00,10:00:00,35.83
318,2022-01-17,EI 158,10:00:00,11:20:00,38.33
319,2022-01-17,EI 521,10:05:00,11:00:00,87
320,2022-01-17,EI 631,10:20:00,11:05:00,41.21
321,2022-01-17,EI 604,10:25:00,13:00:00,48.83
322,2022-01-17,EI 483,10:50:00,13:50:00,68
323,2022-01-17,EI 681,10:55:00,12:15:00,82.97
324,2022-01-17,EI 333,11:20:00,12:50:00,58.98
325,2022-01-17,EI 593,11:45:00,13:30:00,73.95
326,2022-01-17,EI 433,11:50:00,13:30:00,38.07
327,2022-01-17,EI 159,12:15:00,13:40:00,63.39
328,2022-01-17,EI 605,13:45:00,14:25:00,78.04
329,2022-01-18,EI 520,06:40:00,09:25:00,32.83
330,2022-01-18,EI 630,06:50:00,09:30:00,18.06
331,2022-01-18,EI 680,06:55:00,10:10:00,50.33
332,2022-01-18,EI 332,07:05:00,10:30:00,34.83
333,2022-01-18,EI 592,07:05:00,10:55:00,24.33
334,2022-01-18,EI 432,07:15:00,11:00:00,48.83
335,2022-01-18,EI 482,07:15:00,10:00:00,35.83
336,2022-01-18,EI 158,10:00:00,11:20:00,38.33
337,2022-01-18,EI 521,10:05:00,11:00:00,57
338,2022-01-18,EI 631,10:20:00,11:05:00,41.21
339,2022-01-18,EI 604,10:25:00,13:00:00,15.33
340,2022-01-18,EI 483,10:50:00,13:50:00,68
341,2022-01-18,EI 681,10:55:00,12:15:00,82.97
342,2022-01-18,EI 333,11:20:00,12:50:00,58.98
343,2022-01-18,EI 593,11:45:00,13:30:00,73.95
344,2022-01-18,EI 433,11:50:00,13:30:00,38.07
345,2022-01-18,EI 159,12:15:00,13:40:00,63.39
346,2022-01-18,EI 605,13:45:00,14:25:00,44.54
347,2022-01-19,EI 520,06:40:00,09:25:00,32.83
348,2022-01-19,EI 630,06:50:00,09:30:00,18.06
349,2022-01-19,EI 680,06:55:00,10:10:00,50.33
350,2022-01-19,EI 332,07:05:00,10:30:00,34.83
351,2022-01-19,EI 592,07:05:00,10:55:00,24.33
352,2022-01-19,EI 660,07:10:00,11:00:00,13.83
353,2022-01-19,EI 432,07:15:00,11:00:00,48.83
354,2022-01-19,EI 482,07:15:00,10:00:00,35.83
355,2022-01-19,EI 158,10:00:00,11:20:00,38.33
356,2022-01-19,EI 521,10:05:00,11:00:00,57
357,2022-01-19,EI 631,10:20:00,11:05:00,41.21
358,2022-01-19,EI 604,10:25:00,13:00:00,15.33
359,2022-01-19,EI 483,10:50:00,13:50:00,68
360,2022-01-19,EI 681,10:55:00,12:15:00,72.47
361,2022-01-19,EI 333,11:20:00,12:50:00,58.98
362,2022-01-19,EI 644,11:20:00,14:50:00,40.83
363,2022-01-19,EI 593,11:45:00,13:30:00,35.45
364,2022-01-19,EI 661,11:45:00,13:50:00,45.92
365,2022-01-19,EI 433,11:50:00,13:30:00,38.07
366,2022-01-19,EI 159,12:15:00,13:40:00,63.39
367,2022-01-19,EI 605,13:45:00,14:25:00,44.54
368,2022-01-19,EI 645,15:40:00,17:20:00,114.29
369,2022-01-19,EI 676,16:20:00,20:20:00,38.33
370,2022-01-19,EI 677,21:10:00,23:25:00,38.33
371,2022-01-20,EI 520,06:40:00,09:25:00,32.83
372,2022-01-20,EI 630,06:50:00,09:30:00,18.06
373,2022-01-20,EI 680,06:55:00,10:10:00,92.83
374,2022-01-20,EI 332,07:05:00,10:30:00,34.83
375,2022-01-20,EI 592,07:10:00,10:55:00,24.33
376,2022-01-20,EI 432,07:15:00,11:00:00,48.83
377,2022-01-20,EI 482,07:15:00,10:00:00,35.83
378,2022-01-20,EI 158,10:00:00,11:20:00,38.33
379,2022-01-20,EI 521,10:05:00,11:00:00,57
380,2022-01-20,EI 631,10:20:00,11:05:00,70.21
381,2022-01-20,EI 604,10:25:00,13:00:00,48.83
382,2022-01-20,EI 483,10:50:00,13:50:00,68
383,2022-01-20,EI 681,10:55:00,12:15:00,72.47
384,2022-01-20,EI 333,11:20:00,12:50:00,58.98
385,2022-01-20,EI 593,11:45:00,13:30:00,35.45
386,2022-01-20,EI 433,11:50:00,13:30:00,38.07
387,2022-01-20,EI 159,12:15:00,13:40:00,63.39
388,2022-01-20,EI 605,13:45:00,14:25:00,44.54
389,2022-01-21,EI 520,06:40:00,09:25:00,67.83
390,2022-01-21,EI 680,06:55:00,10:10:00,50.33
391,2022-01-21,EI 332,07:05:00,10:30:00,34.83
392,2022-01-21,EI 592,07:05:00,10:55:00,56.83
393,2022-01-21,EI 660,07:05:00,10:55:00,13.83
394,2022-01-21,EI 432,07:15:00,11:00:00,48.83
395,2022-01-21,EI 158,10:00:00,11:20:00,38.33
396,2022-01-21,EI 521,10:05:00,11:00:00,57
397,2022-01-21,EI 604,10:25:00,13:00:00,88.83
398,2022-01-21,EI 681,10:55:00,12:15:00,88.97
399,2022-01-21,EI 333,11:20:00,12:50:00,58.98
400,2022-01-21,EI 644,11:20:00,14:50:00,40.83
401,2022-01-21,EI 593,11:45:00,13:30:00,35.45
402,2022-01-21,EI 661,11:45:00,13:50:00,45.92
403,2022-01-21,EI 433,11:50:00,13:30:00,38.07
404,2022-01-21,EI 159,12:15:00,13:40:00,63.39
405,2022-01-21,EI 605,13:45:00,14:25:00,44.54
406,2022-01-21,EI 645,15:40:00,17:20:00,114.29
407,2022-01-21,EI 676,16:20:00,20:20:00,38.33
408,2022-01-21,EI 677,21:10:00,23:25:00,38.33
409,2022-01-22,EI 680,06:30:00,09:40:00,115.83
410,2022-01-22,EI 520,06:40:00,09:25:00,32.83
411,2022-01-22,EI 630,06:50:00,09:30:00,18.06
412,2022-01-22,EI 332,07:05:00,10:30:00,34.83
413,2022-01-22,EI 592,07:05:00,10:55:00,24.33
414,2022-01-22,EI 432,07:15:00,11:00:00,50.83
415,2022-01-22,EI 482,07:15:00,10:00:00,35.83
416,2022-01-22,EI 158,10:00:00,11:20:00,38.33
417,2022-01-22,EI 521,10:05:00,11:00:00,77
418,2022-01-22,EI 631,10:20:00,11:05:00,41.21
419,2022-01-22,EI 604,10:25:00,13:00:00,78.83
420,2022-01-22,EI 681,10:30:00,11:55:00,209.97
421,2022-01-22,EI 483,10:50:00,13:50:00,56
422,2022-01-22,EI 333,11:20:00,12:50:00,58.98
423,2022-01-22,EI 593,11:45:00,13:30:00,35.45
424,2022-01-22,EI 433,11:50:00,13:30:00,38.07
425,2022-01-22,EI 159,12:15:00,13:40:00,63.39
426,2022-01-22,EI 605,13:45:00,14:25:00,93.04
427,2022-01-23,EI 520,06:40:00,09:25:00,32.83
428,2022-01-23,EI 680,06:55:00,10:10:00,50.33
429,2022-01-23,EI 332,07:05:00,10:30:00,34.83
430,2022-01-23,EI 592,07:05:00,10:55:00,24.33
431,2022-01-23,EI 660,07:10:00,11:00:00,13.83
432,2022-01-23,EI 432,07:15:00,11:00:00,21.33
433,2022-01-23,EI 158,10:00:00,11:20:00,38.33
434,2022-01-23,EI 521,10:05:00,11:00:00,82
435,2022-01-23,EI 604,10:25:00,13:00:00,15.33
436,2022-01-23,EI 681,10:55:00,12:15:00,94.97
437,2022-01-23,EI 333,11:20:00,12:50:00,58.98
438,2022-01-23,EI 644,11:20:00,14:50:00,40.83
439,2022-01-23,EI 593,11:45:00,13:30:00,67.95
440,2022-01-23,EI 433,11:50:00,13:30:00,38.07
441,2022-01-23,EI 661,11:50:00,13:50:00,45.92
442,2022-01-23,EI 159,12:15:00,13:40:00,63.39
443,2022-01-23,EI 605,13:45:00,14:25:00,197.04
444,2022-01-23,EI 645,15:40:00,17:20:00,114.29
445,2022-01-23,EI 676,16:20:00,20:20:00,38.33
446,2022-01-23,EI 677,21:10:00,23:25:00,38.33
447,2022-01-24,EI 520,06:40:00,09:25:00,32.83
448,2022-01-24,EI 630,06:50:00,09:30:00,18.06
449,2022-01-24,EI 680,06:55:00,10:10:00,50.33
450,2022-01-24,EI 332,07:05:00,10:30:00,34.83
451,2022-01-24,EI 592,07:05:00,10:55:00,24.33
452,2022-01-24,EI 432,07:15:00,11:00:00,21.33
453,2022-01-24,EI 482,07:15:00,10:00:00,35.83
454,2022-01-24,EI 158,10:00:00,11:20:00,38.33
455,2022-01-24,EI 521,10:05:00,11:00:00,92
456,2022-01-24,EI 631,10:20:00,11:05:00,41.21
457,2022-01-24,EI 604,10:25:00,13:00:00,15.33
458,2022-01-24,EI 483,10:50:00,13:50:00,56
459,2022-01-24,EI 681,10:55:00,12:15:00,94.97
460,2022-01-24,EI 333,11:20:00,12:50:00,58.98
461,2022-01-24,EI 593,11:45:00,13:30:00,35.45
462,2022-01-24,EI 433,11:50:00,13:30:00,38.07
463,2022-01-24,EI 159,12:15:00,13:40:00,63.39
464,2022-01-24,EI 605,13:45:00,14:25:00,83.04
465,2022-01-25,EI 520,06:40:00,09:25:00,32.83
466,2022-01-25,EI 630,06:50:00,09:30:00,18.06
467,2022-01-25,EI 680,06:55:00,10:10:00,50.33
468,2022-01-25,EI 332,07:05:00,10:30:00,34.83
469,2022-01-25,EI 592,07:05:00,10:55:00,24.33
470,2022-01-25,EI 432,07:15:00,11:00:00,21.33
471,2022-01-25,EI 482,07:15:00,10:00:00,35.83
472,2022-01-25,EI 158,10:00:00,11:20:00,38.33
473,2022-01-25,EI 521,10:05:00,11:00:00,57
474,2022-01-25,EI 631,10:20:00,11:05:00,41.21
475,2022-01-25,EI 604,10:25:00,13:00:00,15.33
476,2022-01-25,EI 483,10:50:00,13:50:00,56
477,2022-01-25,EI 681,10:55:00,12:15:00,72.47
478,2022-01-25,EI 333,11:20:00,12:50:00,58.98
479,2022-01-25,EI 593,11:45:00,13:30:00,35.45
480,2022-01-25,EI 433,11:50:00,13:30:00,38.07
481,2022-01-25,EI 159,12:15:00,13:40:00,63.39
482,2022-01-25,EI 605,13:45:00,14:25:00,44.54
483,2022-01-26,EI 520,06:40:00,09:25:00,32.83
484,2022-01-26,EI 630,06:50:00,09:30:00,18.06
485,2022-01-26,EI 680,06:55:00,10:10:00,92.83
486,2022-01-26,EI 332,07:05:00,10:30:00,34.83
487,2022-01-26,EI 592,07:05:00,10:55:00,24.33
488,2022-01-26,EI 660,07:10:00,11:00:00,13.83
489,2022-01-26,EI 432,07:15:00,11:00:00,21.33
490,2022-01-26,EI 482,07:15:00,10:00:00,35.83
491,2022-01-26,EI 158,10:00:00,11:20:00,38.33
492,2022-01-26,EI 521,10:05:00,11:00:00,57
493,2022-01-26,EI 631,10:20:00,11:05:00,41.21
494,2022-01-26,EI 604,10:25:00,13:00:00,15.33
495,2022-01-26,EI 483,10:50:00,13:50:00,56
496,2022-01-26,EI 681,10:55:00,12:15:00,72.47
497,2022-01-26,EI 333,11:20:00,12:50:00,58.98
498,2022-01-26,EI 644,11:20:00,14:50:00,40.83
499,2022-01-26,EI 593,11:45:00,13:30:00,35.45
500,2022-01-26,EI 661,11:45:00,13:50:00,45.92
501,2022-01-26,EI 433,11:50:00,13:30:00,38.07
502,2022-01-26,EI 159,12:15:00,13:40:00,63.39
503,2022-01-26,EI 605,13:45:00,14:25:00,44.54
504,2022-01-26,EI 645,15:40:00,17:20:00,114.29
505,2022-01-26,EI 676,16:20:00,20:20:00,38.33
506,2022-01-26,EI 677,21:10:00,23:25:00,38.33
507,2022-01-27,EI 520,06:40:00,09:25:00,32.83
508,2022-01-27,EI 630,06:50:00,09:30:00,18.06
509,2022-01-27,EI 680,06:55:00,10:10:00,92.83
510,2022-01-27,EI 332,07:05:00,10:30:00,49.33
511,2022-01-27,EI 592,07:10:00,10:55:00,24.33
512,2022-01-27,EI 432,07:15:00,11:00:00,21.33
513,2022-01-27,EI 482,07:15:00,10:00:00,35.83
514,2022-01-27,EI 158,10:00:00,11:20:00,38.33
515,2022-01-27,EI 521,10:05:00,11:00:00,57
516,2022-01-27,EI 631,10:20:00,11:05:00,41.21
517,2022-01-27,EI 604,10:25:00,13:00:00,48.83
518,2022-01-27,EI 483,10:50:00,13:50:00,56
519,2022-01-27,EI 681,10:55:00,12:15:00,72.47
520,2022-01-27,EI 333,11:20:00,12:50:00,58.98
521,2022-01-27,EI 593,11:45:00,13:30:00,35.45
522,2022-01-27,EI 433,11:50:00,13:30:00,38.07
523,2022-01-27,EI 159,12:15:00,13:40:00,63.39
524,2022-01-27,EI 605,13:45:00,14:25:00,78.04
525,2022-01-28,EI 520,06:40:00,09:25:00,57.83
526,2022-01-28,EI 680,06:55:00,10:10:00,102.83
527,2022-01-28,EI 332,07:05:00,10:30:00,71.33
528,2022-01-28,EI 592,07:05:00,10:55:00,50.83
529,2022-01-28,EI 660,07:05:00,10:55:00,13.83
530,2022-01-28,EI 432,07:15:00,11:00:00,48.83
531,2022-01-28,EI 158,10:00:00,11:20:00,38.33
532,2022-01-28,EI 521,10:05:00,11:00:00,57
533,2022-01-28,EI 604,10:25:00,13:00:00,78.83
534,2022-01-28,EI 681,10:55:00,12:15:00,104.97
535,2022-01-28,EI 333,11:20:00,12:50:00,58.98
536,2022-01-28,EI 644,11:20:00,14:50:00,40.83
537,2022-01-28,EI 593,11:45:00,13:30:00,35.45
538,2022-01-28,EI 661,11:45:00,13:50:00,45.92
539,2022-01-28,EI 433,11:50:00,13:30:00,38.07
540,2022-01-28,EI 159,12:15:00,13:40:00,63.39
541,2022-01-28,EI 605,13:45:00,14:25:00,44.54
542,2022-01-28,EI 645,15:40:00,17:20:00,114.29
543,2022-01-28,EI 676,16:20:00,20:20:00,38.33
544,2022-01-28,EI 677,21:10:00,23:25:00,38.33
545,2022-01-29,EI 680,06:30:00,09:40:00,129.83
546,2022-01-29,EI 520,06:40:00,09:25:00,32.83
547,2022-01-29,EI 630,06:50:00,09:30:00,57.06
548,2022-01-29,EI 332,07:05:00,10:30:00,34.83
549,2022-01-29,EI 592,07:05:00,10:55:00,24.33
550,2022-01-29,EI 432,07:15:00,11:00:00,48.83
551,2022-01-29,EI 482,07:15:00,10:00:00,35.83
552,2022-01-29,EI 158,10:00:00,11:20:00,38.33
553,2022-01-29,EI 521,10:05:00,11:00:00,57
554,2022-01-29,EI 631,10:20:00,11:05:00,41.21
555,2022-01-29,EI 604,10:25:00,13:00:00,15.33
556,2022-01-29,EI 681,10:30:00,11:55:00,151.97
557,2022-01-29,EI 483,10:50:00,13:50:00,56
558,2022-01-29,EI 333,11:20:00,12:50:00,58.98
559,2022-01-29,EI 593,11:45:00,13:30:00,35.45
560,2022-01-29,EI 433,11:50:00,13:30:00,67.57
561,2022-01-29,EI 159,12:15:00,13:40:00,63.39
562,2022-01-29,EI 605,13:45:00,14:25:00,44.54
563,2022-01-30,EI 520,06:40:00,09:25:00,32.83
564,2022-01-30,EI 680,06:55:00,10:10:00,66.83
565,2022-01-30,EI 332,07:05:00,10:30:00,34.83
566,2022-01-30,EI 592,07:05:00,10:55:00,24.33
567,2022-01-30,EI 660,07:10:00,11:00:00,13.83
568,2022-01-30,EI 432,07:15:00,11:00:00,21.3
569,2022-01-30,EI 158,10:00:00,11:20:00,38.33
570,2022-01-30,EI 521,10:05:00,11:00:00,87
571,2022-01-30,EI 604,10:25:00,13:00:00,15.33
572,2022-01-30,EI 681,10:55:00,12:15:00,88.97
573,2022-01-30,EI 333,11:20:00,12:50:00,58.98
574,2022-01-30,EI 644,11:20:00,14:50:00,40.83
575,2022-01-30,EI 593,11:45:00,13:30:00,67.95
576,2022-01-30,EI 433,11:50:00,13:30:00,38.07
577,2022-01-30,EI 661,11:50:00,13:50:00,45.92
578,2022-01-30,EI 159,12:15:00,13:40:00,63.39
579,2022-01-30,EI 605,13:45:00,14:25:00,44.54
580,2022-01-30,EI 645,15:40:00,17:20:00,114.29
581,2022-01-30,EI 676,16:20:00,20:20:00,38.33
582,2022-01-30,EI 677,21:10:00,23:25:00,38.33
583,2022-01-31,EI 520,06:40:00,09:25:00,32.83
584,2022-01-31,EI 630,06:50:00,09:30:00,18.06
585,2022-01-31,EI 680,06:55:00,10:10:00,50.33
586,2022-01-31,EI 332,07:05:00,10:30:00,34.83
587,2022-01-31,EI 592,07:05:00,10:55:00,24.33
588,2022-01-31,EI 432,07:15:00,11:00:00,18.63
589,2022-01-31,EI 482,07:15:00,10:00:00,35.83
590,2022-01-31,EI 158,10:00:00,11:20:00,38.33
591,2022-01-31,EI 521,10:05:00,11:00:00,117
592,2022-01-31,EI 631,10:20:00,11:05:00,41.21
593,2022-01-31,EI 604,10:25:00,13:00:00,15.33
594,2022-01-31,EI 483,10:50:00,13:50:00,56
595,2022-01-31,EI 681,10:55:00,12:15:00,82.97
596,2022-01-31,EI 333,11:20:00,12:50:00,58.98
597,2022-01-31,EI 593,11:45:00,13:30:00,67.95
598,2022-01-31,EI 433,11:50:00,13:30:00,38.07
599,2022-01-31,EI 159,12:15:00,13:40:00,63.39
600,2022-01-31,EI 605,13:45:00,14:25:00,44.54
